agygenes,blagenes,fosgenes,MLS,macr,Lincosamide,LincosamideStreptogramin,streptogramin,phegenes,polgenes,qngenes,sulgenes,tetgenes,dfrgenes,glycgenes,AMR-Efflux,Biocide-Efflux,QAC,Metal-Resistance
aac\(3\)\-Ia,ampC,fosA,cfr,ere\(A2\),lnu\(A\)\',erm\(32\),vat\(A\),catB11,mcr\-1\.1,aac\\(6\'\\)\-Ib\-cr,sul1,otr\(A\),dfrA13,vanA,acrF,acrA,sugE,acr3
aac\(3\)\-Ib,bla2,fosA2,cfr\(B\),car\(A\),linH2,lsa\(A\),vat\(B\),catB6,mcr\-1\.10,oqxA,sul1,otr\(A\),dfrA21,vanA,adeC,acrA,qacZ,acr3
aac\(3\)\-Ic,bla2a,fosA3,cfr\(C\),chrB,vga\(A\)\-LC,lsa\(B\),vat\(C\),cmlA10,mcr\-1\.11,oqxB,sul2,otr\(B\),dfrA27,vanAo2,adeD,acrE,qacR,arsA
aac\(3\)\-Id,blaA,fosA4,cipA,ere\(A\),lin,lsa\(C\),vat\(D\),cmlA6,mcr\-1\.12,qepA,sul3,tcr3,dfrA28,vanA\-Pa,adeE,efrA,qacL,arsC
aac\(3\)\-If,blaACC,fosA5,clbA,ere\(B\),lnu\(A\),lsa\(E\),vat\(E\),cmlA8,mcr\-1\.13,qepA1,sul4,tet\(30\),dfrA32,vanA\-Pt,bepC,efrB,qacK,arsD
aac\(3\)\-Ig,blaACI,fosA6,clbB,ere\(D\),lnu\(AN2\),sal\(A\),vat\(F\),cat86,mcr\-1\.14,qepA2,sulR,tet\(31\),dfr7,vanA\-Pt2,bepD,emrE,qacJ,arsH
aac\(3\)\-Ih,blaACT,fosA7,clbC,erm\(30\),lnu\(B\),,vat\(H\),catA,mcr\-1\.15,qepA3,sulX,tet\(32\),dfrA,vanA\-Sc,bepE,lmrS,qacH,arsP
aac\(3\)\-Ii,blaADC,fosB,,erm\(31\),lnu\(C\),,vatI,catA1,mcr\-1\.16,qepA4,,tet\(33\),dfrA1,vanB,bepF,mdfA,qacG2,cadA2
aac\(3\)\-IIb,blaAER,fosB1,,erm\(33\),lnu\(D\),,vgb\(A\),catA13,mcr\-1\.17,qnrA1,,tet\(34\),dfrA10,vanC,bepG,mtrF,qacG,cadA4
aac\(3\)\-IIc,blaAFM,fosB2,,erm\(34\),lnu\(F\),,vgb\(B\),catA15,mcr\-1\.18,qnrA2,,tet\(35\),dfrA12,vanD,bexA,sdeA,qacF,cadC
aac\(3\)\-IId,blaAIM,fosB3,,erm\(35\),lnu\(G\),,vgbC,catA16,mcr\-1\.2,qnrA3,,tet\(36\),dfrA14,vanE,emhA,smdA,qacE,cadD
aac\(3\)\-VIIIa,blaALG11,fosB4,,erm\(36\),lnu\(P\),,vgb\(C\),catA2,mcr\-1\.3,qnrA4,,tet\(37\),dfrA15,vanF,emhB,smdB,qacC,cadR
aac\(6\'\)\-32,blaALG6,fosB5,,erm\(37\),vga\(A\),,,catA3,mcr\-1\.4,qnrA5,,tet\(38\),dfrA16,vanG,emhC,srpR,qacB,chrA
aac\(6\'\)\-33,blaALI,fosB6,,erm\(38\),vga\(B\),,,catB,mcr\-1\.5,qnrA6,,tet\(39\),dfrA17,vanH,emrA,srpS,qacA,chrR
aac\(6\'\)\-I30,blaANA,fosBx1,,erm\(39\),vga\(C\),,,catB1,mcr\-1\.6,qnrA7,,tet\(40\),dfrA18,vanH\-A,emrB,sugE,qac,cnrA
aac\(6\'\)\-Iae,blaAQU,fosH,,erm\(40\),vga\(D\),,,catB10,mcr\-1\.7,qnrA8,,tet\(41\),dfrA19,vanH\-Ac1,emrC,tbtR,mdfA,cnrC
aac\(6\'\)\-Iaf,blaARL,fosI,,erm\(42\),vga\(E\),,,catB2,mcr\-1\.8,qnrB1,,tet\(42\),dfrA20,vanH\-Ao1,emrE,ttgR,bcrA,cnrT
aac\(6\'\)\-Iai,blaAST,fomA,,erm\(43\),,,,catB3,mcr\-1\.9,qnrB10,,tet\(44\),dfrA22,vanH\-Ao2,farB,ttgT,bcrB,cnrY
aac\(6\'\)\-Iaj,blaAXC,fomB,,erm\(44\),,,,catB7,mcr\-2\.1,qnrB11,,tet\(45\),dfrA23,vanH\-B,hmrM,ydgE,bcrC,copA
aac\(6\'\)\-Ial,blaB,fos,,erm\(44\)v,,,,catB8,mcr\-2\.2,qnrB12,,tet\(47\),dfrA24,vanH\-D,mdsA,ydgF,,copB
aac\(6\'\)\-Ic,blaB1PEDO,fosC,,erm\(45\),,,,catB9,mcr\-3\.1,qnrB13,,tet\(48\),dfrA25,vanH\-E,mdsB,ymgB,,copL
aac\(6\'\)\-Ii,blaB3PEDO,fosC2,,erm\(46\),,,,catD,mcr\-3\.10,qnrB14,,tet\(49\),dfrA26,vanH\-M,mdtM,,,copP
aac\(6\'\)\-Iid,blaBAT,fosD,,erm\(47\),,,,catP,mcr\-3\.11,qnrB15,,tet\(50\),dfrA3,vanH\-O,mepA,,,copR
aac\(6\'\)\-Iih,blaBBI,fosE,,erm\(48\),,,,cat\-TC,mcr\-3\.12,qnrB16,,tet\(51\),dfrA30,vanH\-Pt,mexA,,,copS
aac\(6\'\)\-Isa,blaBCL,fosF,,erm\(A\),,,,catU,mcr\-3\.13,qnrB17,,tet\(52\),dfrA31,vanH\-Pt2,mexE,,,cueA
aacA16,blaBEL,fosG,,erm\(B\),,,,catV,mcr\-3\.14,qnrB18,,tet\(53\),dfrA34,vanH\-Sc,mexX,,,dpsA
aacA47,blaBES,fosK,,erm\(C\),,,,cmlA,mcr\-3\.15,qnrB19,,tet\(54\),dfrA35,vanI,mtrA,,,golS
aacA56,blaBIC,fosX,,erm\(D\),,,,cmlA1,mcr\-3\.16,qnrB2,,tet\(57\),dfrA3b,vanJ,mtrC,,,golT
aac\(6\'\)\-29a,blaBJP,fosA,,erm\(E\),,,,cmlA4,mcr\-3\.17,qnrB20,,tet\(59\),dfrA5,vanKI,mtrR,,,klaB
aac\(6\'\)\-29b,blaBKC,,,erm\(F\),,,,cmlA5,mcr\-3\.18,qnrB21,,tet\(A\),dfrA6,vanK\-Sc,norM,,,klaC
aac\(6\'\)\-Ig,blaBPU,,,erm\(G\),,,,cmlB,mcr\-3\.19,qnrB22,,tet\(B\),dfrA7,vanL,sdeB,,,mco
aac\(6\'\)\-Ih,blaBRO,,,erm\(H\),,,,cmlB1,mcr\-3\.2,qnrB23,,tet\(C\),dfrA8,vanM,sdeY,,,merA
aac\(6\'\)\-Ij,blaBSU,,,erm\(K\),,,,cmlR,mcr\-3\.20,qnrB24,,tet\(D\),dfrA9,vanN,smeF,,,merB
aac\(6\'\)\-Ik,blaBUT,,,erm\(N\),,,,cmlV,mcr\-3\.21,qnrB25,,tet\(E\),dfrB,vanO,smfY,,,merC
aac\(6\'\)\-Ir,blaCAR,,,erm\(O\),,,,cmrA,mcr\-3\.22,qnrB26,,tet\(G\),dfrB1,vanR,srpA,,,merD
aac\(6\'\)\-Is,blaCARB,,,erm\(Q\),,,,cmx,mcr\-3\.23,qnrB27,,tet\(H\),dfrB3,vanS,srpB,,,merE
aac\(6\'\)\-It,blaCAU,,,erm\(R\),,,,cpt,mcr\-3\.24,qnrB28,,tet\(J\),dfrB6,vanS\-B\-Delta,ssmE,,,merF
aac\(6\'\)\-Iu,blaCBP,,,erm\(S\),,,,estDL136,mcr\-3\.25,qnrB29,,tet\(K\),dfrB8,vanT,tbtA,,,merG
aac\(6\'\)\-Iv,blaCFE,,,erm\(T\),,,,fexA,mcr\-3\.27,qnrB3,,tet\(L\),dfrB9,vanTc,tbtB,,,merP
aac\(6\'\)\-Iw,blaCGA,,,erm\(U\),,,,floR,mcr\-3\.29,qnrB30,,tet\(M\),dfrB2,vanTm,tbtM,,,merR
aac\(6\'\)\-Ix,blaCIA,,,erm\(V\),,,,floR2,mcr\-3\.3,qnrB31,,tet\(O\),dfrB4,vanTr,ttgA,,,merR1
aac\(6\'\)\-Ib3,blaCKO,,,erm\(W\),,,,pexA,mcr\-3\.4,qnrB32,,tet\(Q\),dfrB5,vanU,ttgB,,,merR2
aac\(6\'\)\-Ib4,blaCMA,,,erm\(X\),,,,,mcr\-3\.5,qnrB33,,tet\(S\),dfrC,vanW,ttgD,,,merT
aac\(6\'\)\-IIb,blaCME,,,erm\(Y\),,,,,mcr\-3\.6,qnrB34,,tet\(T\),dfrD,vanWI,ttgE,,,mrdH
aacA35,blaCMH,,,erm\(Z\),,,,,mcr\-3\.7,qnrB35,,tet\(V\),dfrE,vanX\-A,ttgI,,,mreA
aadA14,blaCMY,,,mef\(A\),,,,,mcr\-3\.8,qnrB36,,tet\(W\),dfrF,vanX\-Ac1,,,,nccH
aadA17,blaCPS,,,mef\(B\),,,,,mcr\-3\.9,qnrB37,,tet\(X\),dfrG,vanX\-Ao1,,,,nccX
rmtB1,blaCRD3,,,mef\(C\),,,,,mcr\-4\.1,qnrB38,,tet\(Y\),dfrI,vanX\-Ao2,,,,ncrA
rmtB2,blaCRH,,,mef\(En2\),,,,,mcr\-4\.2,qnrB39,,tet\(Z\),dfrK,vanX\-B,,,,ncrB
rmtB3,blaCRP,,,mgt,,,,,mcr\-4\.3,qnrB4,,tetA,,vanX\-D,,,,ncrC
rmtB4,blaCSA,,,mph\(A\),,,,,mcr\-4\.4,qnrB40,,tetA\(46\),,vanX\-E,,,,ncrY
rmtD1,blaCSP,,,mph\(B\),,,,,mcr\-4\.5,qnrB41,,tetA\(58\),,vanXI,,,,nirA
rmtD2,blaCTX\-M,,,mph\(C\),,,,,mcr\-4\.6,qnrB42,,tetA\(60\),,vanX\-M,,,,nirB
rmtE1,blaDES,,,mph\(E\),,,,,mcr\-5\.1,qnrB43,,tetA\(D\),,vanX\-O,,,,nirD
rmtE2,blaDHA,,,mph\(F\),,,,,mcr\-5\.2,qnrB44,,tetA\(P\),,vanX\-Pt,,,,nreB
rmtF1,blaDHT2,,,mph\(G\),,,,,mcr\-5\.3,qnrB45,,tetAB_B,,vanX\-Sc,,,,pcoA
rmtF2,blaDIM,,,mphJ,,,,,mcr\-6\.1,qnrB46,,tetB\(46\),,vanXY,,,,pcoB
rpsL_K43R,blaEAM,,,msr\(A\),,,,,mcr\-7\.1,qnrB47,,tetB\(58\),,vanXY\-C,,,,pcoC
rpsL_K88E,blaEBR,,,msr\(C\),,,,,mcr\-8\.1,qnrB48,,tetB\(60\),,vanXY\-E,,,,pcoD
rpsL_K88Q,blaECM,,,msr\(D\),,,,,mcr\-8\.2,qnrB49,,tetB\(P\),,vanXY\-L,,,,pcoE
rpsL_K88R,blaECV,,,msr\(E\),,,,,mcr\-9\.1,qnrB5,,,,vanXY\-N,,,,pcoR
16S_rrsB,blaEFM,,,myrA,,,,,mcr\-1,qnrB50,,,,vanY,,,,pcoS
16S_rrsC,blaELM,,,ole\(B\),,,,,mcr\-2,qnrB51,,,,vanY\-A,,,,silA
16S_rrsD,blaERP,,,oleD,,,,,mcr\-3,qnrB52,,,,vanY\-B,,,,silB
16S_rrsH,blaESP,,,oleI,,,,,mcr\-4,qnrB53,,,,vanY\-D,,,,silC
aac\(2\'\)\-Ia,blaEVM,,,poxtA,,,,,mcr\-5,qnrB54,,,,vanY\-F,,,,silE
aac\(2\'\)\-Ib,blaF,,,srm\(B\),,,,,mcr\-6,qnrB55,,,,vanY\-G,,,,silF
aac\(2\'\)\-Ic,blaFAR,,,tlr\(C\),,,,,mcr\-7,qnrB56,,,,vanY\-G1,,,,silP
aac\(2\'\)\-Id,blaFEZ,,,mre\(A\),,,,,mcr\-8,qnrB57,,,,vanY\-Pt,,,,silR
aac\(2\'\)\-Ie,blaFIA,,,,,,,,mcr\-9,qnrB58,,,,vanZ1,,,,silS
aac\(2\'\)\-IIa,blaFIM,,,,,,,,icr\-Mo,qnrB59,,,,vanZ\-A,,,,tcrB
aac\(2\'\)\-IIb,blaFONA,,,,,,,,,qnrB6,,,,vanZ\-F,,,,terB
aac\(3\)\-I,blaFOX,,,,,,,,,qnrB60,,,,vanZ\-Pt,,,,terC
aac\(3\)\-II,blaFPH,,,,,,,,,qnrB61,,,,,,,,terD
aac\(3\)\-IIa,blaFRI,,,,,,,,,qnrB62,,,,,,,,terE
aac\(3\)\-IIe,blaFTU,,,,,,,,,qnrB64,,,,,,,,terW
aac\(3\)\-IIIa,blaGES,,,,,,,,,qnrB65,,,,,,,,terZ
aac\(3\)\-IIIb,blaGIL,,,,,,,,,qnrB66,,,,,,,,
aac\(3\)\-IIIc,blaGIM,,,,,,,,,qnrB67,,,,,,,,
aac\(3\)\-IV,blaGOB,,,,,,,,,qnrB68,,,,,,,,
aac\(3\)\-IVa,blaGPC,,,,,,,,,qnrB69,,,,,,,,
aac\(3\)\-IXa,blaGRD23,,,,,,,,,qnrB7,,,,,,,,
aac\(3\)\-VIa,blaGRD33,,,,,,,,,qnrB70,,,,,,,,
aac\(3\)\-VIIa,blaHER,,,,,,,,,qnrB71,,,,,,,,
aac\(3\)\-VIII,blaHMB,,,,,,,,,qnrB72,,,,,,,,
aac\(3\)\-Xa,blaI,,,,,,,,,qnrB73,,,,,,,,
aac\(3\)\-XI,blaIMI,,,,,,,,,qnrB74,,,,,,,,
aac\(6\'\),blaIMP,,,,,,,,,qnrB75,,,,,,,,
aac\(6\'\)\-29,blaIND,,,,,,,,,qnrB76,,,,,,,,
aac\(6\'\)\-30,blaJOHN,,,,,,,,,qnrB77,,,,,,,,
aac\(6\'\)\-31,blaKHM,,,,,,,,,qnrB78,,,,,,,,
aac\(6\'\)\-35,blaKLUC,,,,,,,,,qnrB8,,,,,,,,
aac\(6\'\)\-I,blaKPC,,,,,,,,,qnrB80,,,,,,,,
aac\(6\'\)\-Ia,blaL,,,,,,,,,qnrB81,,,,,,,,
aac\(6\'\)\-Iad,blaL1,,,,,,,,,qnrB82,,,,,,,,
aac\(6\'\)\-Iak,blaL2,,,,,,,,,qnrB9,,,,,,,,
aac\(6\'\)\-Ian,blaLAP,,,,,,,,,qnrC,,,,,,,,
aac\(6\'\)\-Ib,blaLAT,,,,,,,,,qnrD1,,,,,,,,
aac\(6\'\)\-Ib\',blaLCR,,,,,,,,,qnrD2,,,,,,,,
aac\(6\'\)\-Ib11,blaLEN,,,,,,,,,qnrD3,,,,,,,,
aac\(6\'\)\-Id,blaLHK,,,,,,,,,qnrS1,,,,,,,,
aac\(6\'\)\-If,blaLRA,,,,,,,,,qnrS2,,,,,,,,
aac\(6\'\)\-II,blaLRA10,,,,,,,,,qnrS3,,,,,,,,
aac\(6\'\)\-IIa,blaLRA18,,,,,,,,,qnrS4,,,,,,,,
aac\(6\'\)\-IIc,blaLRG,,,,,,,,,qnrS5,,,,,,,,
aac\(6\'\)\-Il,blaLUS,,,,,,,,,qnrS6,,,,,,,,
aac\(6\'\)\-Im,blaLUT,,,,,,,,,qnrS7,,,,,,,,
aac\(6\'\)\-Ip,blaM,,,,,,,,,qnrS8,,,,,,,,
aac\(6\'\)\-Iq,blaMIR,,,,,,,,,qnrS9,,,,,,,,
aac\(6\'\)\-Iz,blaMOC,,,,,,,,,qnrVC1,,,,,,,,
aac\(6\'\)\-kana,blaMOX,,,,,,,,,qnrVC3,,,,,,,,
aacA10,blaMSI,,,,,,,,,qnrVC4,,,,,,,,
aacA32,blaMUS,,,,,,,,,qnrVC5,,,,,,,,
aacA34,blaMYO,,,,,,,,,qnrVC6,,,,,,,,
aacA37,blaMYX,,,,,,,,,qnrVC7,,,,,,,,
aacA38,blaNDM,,,,,,,,,qnrE1,,,,,,,,
aacA40,blaNPS,,,,,,,,,crpP,,,,,,,,
aacA43,blaOCH,,,,,,,,,qacEdelta1,,,,,,,,
aacA48,blaOHIO,,,,,,,,,qepA10,,,,,,,,
aacA49,blaOKP,,,,,,,,,qepA5,,,,,,,,
aacA57\-2,blaORN,,,,,,,,,qepA6,,,,,,,,
aacA8,blaORR,,,,,,,,,qepA7,,,,,,,,
aad9,blaOXA,,,,,,,,,qepA8,,,,,,,,
aadA1,blaOXY,,,,,,,,,qepA9,,,,,,,,
aadA10,blaP,,,,,,,,,qnrA9,,,,,,,,
aadA11,blaPAC,,,,,,,,,qnrB85,,,,,,,,
aadA12,blaPDC,,,,,,,,,qnrB91,,,,,,,,
aadA13,blaPER,,,,,,,,,qnrB95,,,,,,,,
aadA15,blaPLA,,,,,,,,,qnrE2,,,,,,,,
aadA16,blaPLN,,,,,,,,,qnrS10,,,,,,,,
aadA2,blaPME,,,,,,,,,qnrS11,,,,,,,,
aadA21,blaPOM,,,,,,,,,qnrS12,,,,,,,,
aadA22,blaPSE,,,,,,,,,qnrS13,,,,,,,,
aadA25,blaPST,,,,,,,,,qnrS14,,,,,,,,
aadA27,blaPSV,,,,,,,,,qnrS15,,,,,,,,
aadA3,blaR1,,,,,,,,,qnrVC10,,,,,,,,
aadA31,blaR39,,,,,,,,,pmrA,,,,,,,,
aadA4,blaRAHN,,,,,,,,,qnrA,,,,,,,,
aadA5,blaRCP,,,,,,,,,qnrAS,,,,,,,,
aadA6,blaRHO,,,,,,,,,qnrB,,,,,,,,
aadA7,blaRm3,,,,,,,,,qnrD,,,,,,,,
aadA8,blaROB,,,,,,,,,qnrE,,,,,,,,
aadA9,blaRTG,,,,,,,,,qnrS,,,,,,,,
aadD1,blaRUB,,,,,,,,,qnrVC,,,,,,,,
aadD2,blaS,,,,,,,,,,,,,,,,,
aadE,blaSCO,,,,,,,,,,,,,,,,,
aadE\-Cc,blaSED,,,,,,,,,,,,,,,,,
aadK,blaSFC,,,,,,,,,,,,,,,,,
aadS,blaSFH,,,,,,,,,,,,,,,,,
ant\(2\'\'\)\-Ia,blaSGM,,,,,,,,,,,,,,,,,
ant\(3\'\'\)\-Ia,blaSHN,,,,,,,,,,,,,,,,,
ant\(3\'\'\)\-IIa,blaSHV,,,,,,,,,,,,,,,,,
ant\(3\'\'\)\-IIb,blaSHW,,,,,,,,,,,,,,,,,
ant\(3\'\'\)\-IIc,blaSIM,,,,,,,,,,,,,,,,,
ant\(4\'\)\-Ic,blaSMB,,,,,,,,,,,,,,,,,
ant\(4\'\)\-IIa,blaSME,,,,,,,,,,,,,,,,,
ant\(4\'\)\-IIb,blaSPG,,,,,,,,,,,,,,,,,
ant\(6\)\-Ia,blaSPM,,,,,,,,,,,,,,,,,
ant\(6\)\-Ib,blaSPN79,,,,,,,,,,,,,,,,,
ant\(6\)\-Ic,blaSPR,,,,,,,,,,,,,,,,,
ant\(9\)\-Ia,blaSPS,,,,,,,,,,,,,,,,,
ant\(9\)\-Ib,blaSRT,,,,,,,,,,,,,,,,,
aph\(2\'\'\)\-Ie,blaSTA,,,,,,,,,,,,,,,,,
aph\(2\'\'\)\-If,blaTEM,,,,,,,,,,,,,,,,,
aph\(2\'\'\)\-Ig,blaTER,,,,,,,,,,,,,,,,,
aph\(2\'\'\)\-Ih,blaTHIN\-B,,,,,,,,,,,,,,,,,
aph\(2\'\'\)\-IIa,blaTLA,,,,,,,,,,,,,,,,,
aph\(2\'\'\)\-IIIa,blaTMB,,,,,,,,,,,,,,,,,
aph\(2\'\'\)\-IVa,blaTRU,,,,,,,,,,,,,,,,,
aph\(3\'\)\-Ia,blaTTU,,,,,,,,,,,,,,,,,
aph\(3\'\'\)\-Ia,blaTUS,,,,,,,,,,,,,,,,,
aph\(3\'\)\-Ib,blaVCC,,,,,,,,,,,,,,,,,
aph\(3\'\'\)\-Ib,blaVEB,,,,,,,,,,,,,,,,,
aph\(3\'\'\)\-Ic,blaVHH,,,,,,,,,,,,,,,,,
aph\(3\'\)\-Id,blaVHW,,,,,,,,,,,,,,,,,
aph\(3\'\)\-II,blaVIM,,,,,,,,,,,,,,,,,
aph\(3\'\)\-IIa,blaZ,,,,,,,,,,,,,,,,,
aph\(3\'\)\-IIb,blaZOG,,,,,,,,,,,,,,,,,
aph\(3\'\)\-IIc,cblA,,,,,,,,,,,,,,,,,
aph\(3\'\)\-IIIa,cepA,,,,,,,,,,,,,,,,,
aph\(3\'\)\-IVa,cepH,,,,,,,,,,,,,,,,,
aph\(3\'\)\-IX,cepS,,,,,,,,,,,,,,,,,
aph\(3\'\)\-Va,cfiA,,,,,,,,,,,,,,,,,
aph\(3\'\)\-Vb,cfxA,,,,,,,,,,,,,,,,,
aph\(3\'\)\-Vc,cfxA2,,,,,,,,,,,,,,,,,
aph\(3\'\)\-VI,cfxA3,,,,,,,,,,,,,,,,,
aph\(3\'\)\-VIa,cfxA4,,,,,,,,,,,,,,,,,
aph\(3\'\)\-VIb,cfxA5,,,,,,,,,,,,,,,,,
aph\(3\'\)\-VIIa,cfxA6,,,,,,,,,,,,,,,,,
aph\(3\'\)\-VIII,cphA,,,,,,,,,,,,,,,,,
aph\(3\'\)\-XV,cphA1,,,,,,,,,,,,,,,,,
aph\(4\)\-Ia,hugA,,,,,,,,,,,,,,,,,
aph\(6\),mecA,,,,,,,,,,,,,,,,,
aph\(6\)\-Ia,mecA1,,,,,,,,,,,,,,,,,
aph\(6\)\-Ib,mecA2,,,,,,,,,,,,,,,,,
aph\(6\)\-Ic,mecB,,,,,,,,,,,,,,,,,
aph\(6\)\-Id,mecC,,,,,,,,,,,,,,,,,
aph\(7\'\'\)\-Ia,mecC2,,,,,,,,,,,,,,,,,
aph\(9\)\-Ia,mecC3,,,,,,,,,,,,,,,,,
aph\(9\)\-Ib,mecD,,,,,,,,,,,,,,,,,
aphA16,mecI,,,,,,,,,,,,,,,,,
apmA,mecR1,,,,,,,,,,,,,,,,,
armA,penA,,,,,,,,,,,,,,,,,
grm,penI,,,,,,,,,,,,,,,,,
kamB,tla2,,,,,,,,,,,,,,,,,
npmA,varG,,,,,,,,,,,,,,,,,
rmtA,blaACC\-1,,,,,,,,,,,,,,,,,
rmtB,blaACC\-1a,,,,,,,,,,,,,,,,,
rmtC,blaACC\-1b,,,,,,,,,,,,,,,,,
rmtD,blaACC\-1c,,,,,,,,,,,,,,,,,
rmtE,blaACC\-1d,,,,,,,,,,,,,,,,,
rmtF,blaACC\-2,,,,,,,,,,,,,,,,,
rmtG,blaACC\-4,,,,,,,,,,,,,,,,,
rmtH,blaACC\-5,,,,,,,,,,,,,,,,,
sgm,blaACC\-7,,,,,,,,,,,,,,,,,
spd,blaACI\-1,,,,,,,,,,,,,,,,,
spw,blaACT\-1,,,,,,,,,,,,,,,,,
str,blaACT\-10,,,,,,,,,,,,,,,,,
aadA*,blaACT\-12,,,,,,,,,,,,,,,,,
aadA1b,blaACT\-13,,,,,,,,,,,,,,,,,
aadA2b,blaACT\-14,,,,,,,,,,,,,,,,,
aadA8b,blaACT\-15,,,,,,,,,,,,,,,,,
aadA23,blaACT\-16,,,,,,,,,,,,,,,,,
aadA24,blaACT\-17,,,,,,,,,,,,,,,,,
ant\(4\'\)\-Ib,blaACT\-18,,,,,,,,,,,,,,,,,
aadD,blaACT\-19,,,,,,,,,,,,,,,,,
ant\(3\'\'\)\-Ii\-aac\(6\'\)\-IId,blaACT\-2,,,,,,,,,,,,,,,,,
aph\(2\'\'\)*,blaACT\-20,,,,,,,,,,,,,,,,,
aph\(2\'\'\)\-Ia,blaACT\-21,,,,,,,,,,,,,,,,,
aph\(2\'\'\)\-Ib,blaACT\-22,,,,,,,,,,,,,,,,,
aph\(2\'\'\)\-Ic,blaACT\-23,,,,,,,,,,,,,,,,,
aph\(2\'\'\)\-Id,blaACT\-24,,,,,,,,,,,,,,,,,
aph\(3\'\)*,blaACT\-25,,,,,,,,,,,,,,,,,
aph\(3\'\)\-III,blaACT\-27,,,,,,,,,,,,,,,,,
aph\(3\'\)\-IV,blaACT\-28,,,,,,,,,,,,,,,,,
aph\(3\'\'\)*,blaACT\-29,,,,,,,,,,,,,,,,,
aph\(6\)*,blaACT\-3,,,,,,,,,,,,,,,,,
kgmB,blaACT\-30,,,,,,,,,,,,,,,,,
grmA,blaACT\-31,,,,,,,,,,,,,,,,,
grmB,blaACT\-32,,,,,,,,,,,,,,,,,
grmO,blaACT\-33,,,,,,,,,,,,,,,,,
fmrO,blaACT\-34,,,,,,,,,,,,,,,,,
kmr,blaACT\-35,,,,,,,,,,,,,,,,,
Aac\(2’\)*,blaACT\-36,,,,,,,,,,,,,,,,,
aac\(3\)*,blaACT\-37,,,,,,,,,,,,,,,,,
aac\(3\)\-Ib\-aac\(6\'\)\-Ib\',blaACT\-38,,,,,,,,,,,,,,,,,
aac\(6’\)*,blaACT\-39,,,,,,,,,,,,,,,,,
aac\(6\'\)\-aph\(2\'\'\),blaACT\-4,,,,,,,,,,,,,,,,,
aac\(6\'\)\-Iag,blaACT\-40,,,,,,,,,,,,,,,,,
aac\(6\'\)\-Iaa,blaACT\-41,,,,,,,,,,,,,,,,,
aac\(6\'\)\-Ib\-Suzhou,blaACT\-42,,,,,,,,,,,,,,,,,
aac\(6\'\)\-Ib\-Hangzhou,blaACT\-43,,,,,,,,,,,,,,,,,
aac\(6\'\)\-30\-aac\(6\'\)\-Ib\',blaACT\-44,,,,,,,,,,,,,,,,,
,blaACT\-45,,,,,,,,,,,,,,,,,
,blaACT\-46,,,,,,,,,,,,,,,,,
,blaACT\-47,,,,,,,,,,,,,,,,,
,blaACT\-48,,,,,,,,,,,,,,,,,
,blaACT\-49,,,,,,,,,,,,,,,,,
,blaACT\-5,,,,,,,,,,,,,,,,,
,blaACT\-50,,,,,,,,,,,,,,,,,
,blaACT\-51,,,,,,,,,,,,,,,,,
,blaACT\-52,,,,,,,,,,,,,,,,,
,blaACT\-53,,,,,,,,,,,,,,,,,
,blaACT\-54,,,,,,,,,,,,,,,,,
,blaACT\-55,,,,,,,,,,,,,,,,,
,blaACT\-56,,,,,,,,,,,,,,,,,
,blaACT\-57,,,,,,,,,,,,,,,,,
,blaACT\-59,,,,,,,,,,,,,,,,,
,blaACT\-6,,,,,,,,,,,,,,,,,
,blaACT\-60,,,,,,,,,,,,,,,,,
,blaACT\-61,,,,,,,,,,,,,,,,,
,blaACT\-64,,,,,,,,,,,,,,,,,
,blaACT\-65,,,,,,,,,,,,,,,,,
,blaACT\-66,,,,,,,,,,,,,,,,,
,blaACT\-67,,,,,,,,,,,,,,,,,
,blaACT\-68,,,,,,,,,,,,,,,,,
,blaACT\-7,,,,,,,,,,,,,,,,,
,blaACT\-8,,,,,,,,,,,,,,,,,
,blaACT\-9,,,,,,,,,,,,,,,,,
,blaMIR\-14,,,,,,,,,,,,,,,,,
,blaADC\-1,,,,,,,,,,,,,,,,,
,blaADC\-10,,,,,,,,,,,,,,,,,
,blaADC\-100,,,,,,,,,,,,,,,,,
,blaADC\-101,,,,,,,,,,,,,,,,,
,blaADC\-102,,,,,,,,,,,,,,,,,
,blaADC\-103,,,,,,,,,,,,,,,,,
,blaADC\-104,,,,,,,,,,,,,,,,,
,blaADC\-105,,,,,,,,,,,,,,,,,
,blaADC\-106,,,,,,,,,,,,,,,,,
,blaADC\-107,,,,,,,,,,,,,,,,,
,blaADC\-109,,,,,,,,,,,,,,,,,
,blaADC\-11,,,,,,,,,,,,,,,,,
,blaADC\-110,,,,,,,,,,,,,,,,,
,blaADC\-112,,,,,,,,,,,,,,,,,
,blaADC\-113,,,,,,,,,,,,,,,,,
,blaADC\-114,,,,,,,,,,,,,,,,,
,blaADC\-115,,,,,,,,,,,,,,,,,
,blaADC\-116,,,,,,,,,,,,,,,,,
,blaADC\-117,,,,,,,,,,,,,,,,,
,blaADC\-119,,,,,,,,,,,,,,,,,
,blaADC\-12,,,,,,,,,,,,,,,,,
,blaADC\-120,,,,,,,,,,,,,,,,,
,blaADC\-121,,,,,,,,,,,,,,,,,
,blaADC\-122,,,,,,,,,,,,,,,,,
,blaADC\-123,,,,,,,,,,,,,,,,,
,blaADC\-125,,,,,,,,,,,,,,,,,
,blaADC\-127,,,,,,,,,,,,,,,,,
,blaADC\-128,,,,,,,,,,,,,,,,,
,blaADC\-129,,,,,,,,,,,,,,,,,
,blaADC\-13,,,,,,,,,,,,,,,,,
,blaADC\-130,,,,,,,,,,,,,,,,,
,blaADC\-131,,,,,,,,,,,,,,,,,
,blaADC\-132,,,,,,,,,,,,,,,,,
,blaADC\-133,,,,,,,,,,,,,,,,,
,blaADC\-134,,,,,,,,,,,,,,,,,
,blaADC\-135,,,,,,,,,,,,,,,,,
,blaADC\-136,,,,,,,,,,,,,,,,,
,blaADC\-137,,,,,,,,,,,,,,,,,
,blaADC\-138,,,,,,,,,,,,,,,,,
,blaADC\-139,,,,,,,,,,,,,,,,,
,blaADC\-14,,,,,,,,,,,,,,,,,
,blaADC\-140,,,,,,,,,,,,,,,,,
,blaADC\-141,,,,,,,,,,,,,,,,,
,blaADC\-143,,,,,,,,,,,,,,,,,
,blaADC\-144,,,,,,,,,,,,,,,,,
,blaADC\-145,,,,,,,,,,,,,,,,,
,blaADC\-146,,,,,,,,,,,,,,,,,
,blaADC\-147,,,,,,,,,,,,,,,,,
,blaADC\-148,,,,,,,,,,,,,,,,,
,blaADC\-149,,,,,,,,,,,,,,,,,
,blaADC\-15,,,,,,,,,,,,,,,,,
,blaADC\-150,,,,,,,,,,,,,,,,,
,blaADC\-151,,,,,,,,,,,,,,,,,
,blaADC\-152,,,,,,,,,,,,,,,,,
,blaADC\-153,,,,,,,,,,,,,,,,,
,blaADC\-154,,,,,,,,,,,,,,,,,
,blaADC\-155,,,,,,,,,,,,,,,,,
,blaADC\-156,,,,,,,,,,,,,,,,,
,blaADC\-157,,,,,,,,,,,,,,,,,
,blaADC\-158,,,,,,,,,,,,,,,,,
,blaADC\-159,,,,,,,,,,,,,,,,,
,blaADC\-16,,,,,,,,,,,,,,,,,
,blaADC\-160,,,,,,,,,,,,,,,,,
,blaADC\-162,,,,,,,,,,,,,,,,,
,blaADC\-163,,,,,,,,,,,,,,,,,
,blaADC\-164,,,,,,,,,,,,,,,,,
,blaADC\-165,,,,,,,,,,,,,,,,,
,blaADC\-166,,,,,,,,,,,,,,,,,
,blaADC\-167,,,,,,,,,,,,,,,,,
,blaADC\-168,,,,,,,,,,,,,,,,,
,blaADC\-169,,,,,,,,,,,,,,,,,
,blaADC\-17,,,,,,,,,,,,,,,,,
,blaADC\-170,,,,,,,,,,,,,,,,,
,blaADC\-171,,,,,,,,,,,,,,,,,
,blaADC\-172,,,,,,,,,,,,,,,,,
,blaADC\-173,,,,,,,,,,,,,,,,,
,blaADC\-174,,,,,,,,,,,,,,,,,
,blaADC\-175,,,,,,,,,,,,,,,,,
,blaADC\-176,,,,,,,,,,,,,,,,,
,blaADC\-177,,,,,,,,,,,,,,,,,
,blaADC\-178,,,,,,,,,,,,,,,,,
,blaADC\-179,,,,,,,,,,,,,,,,,
,blaADC\-18,,,,,,,,,,,,,,,,,
,blaADC\-180,,,,,,,,,,,,,,,,,
,blaADC\-181,,,,,,,,,,,,,,,,,
,blaADC\-182,,,,,,,,,,,,,,,,,
,blaADC\-183,,,,,,,,,,,,,,,,,
,blaADC\-184,,,,,,,,,,,,,,,,,
,blaADC\-185,,,,,,,,,,,,,,,,,
,blaADC\-186,,,,,,,,,,,,,,,,,
,blaADC\-187,,,,,,,,,,,,,,,,,
,blaADC\-188,,,,,,,,,,,,,,,,,
,blaADC\-189,,,,,,,,,,,,,,,,,
,blaADC\-19,,,,,,,,,,,,,,,,,
,blaADC\-190,,,,,,,,,,,,,,,,,
,blaADC\-191,,,,,,,,,,,,,,,,,
,blaADC\-192,,,,,,,,,,,,,,,,,
,blaADC\-193,,,,,,,,,,,,,,,,,
,blaADC\-2,,,,,,,,,,,,,,,,,
,blaADC\-20,,,,,,,,,,,,,,,,,
,blaADC\-21,,,,,,,,,,,,,,,,,
,blaADC\-22,,,,,,,,,,,,,,,,,
,blaADC\-23,,,,,,,,,,,,,,,,,
,blaADC\-24,,,,,,,,,,,,,,,,,
,blaADC\-25,,,,,,,,,,,,,,,,,
,blaADC\-26,,,,,,,,,,,,,,,,,
,blaADC\-29,,,,,,,,,,,,,,,,,
,blaADC\-3,,,,,,,,,,,,,,,,,
,blaADC\-30,,,,,,,,,,,,,,,,,
,blaADC\-31,,,,,,,,,,,,,,,,,
,blaADC\-32,,,,,,,,,,,,,,,,,
,blaADC\-33,,,,,,,,,,,,,,,,,
,blaADC\-38,,,,,,,,,,,,,,,,,
,blaADC\-39,,,,,,,,,,,,,,,,,
,blaADC\-4,,,,,,,,,,,,,,,,,
,blaADC\-41,,,,,,,,,,,,,,,,,
,blaADC\-42,,,,,,,,,,,,,,,,,
,blaADC\-43,,,,,,,,,,,,,,,,,
,blaADC\-44,,,,,,,,,,,,,,,,,
,blaADC\-5,,,,,,,,,,,,,,,,,
,blaADC\-50,,,,,,,,,,,,,,,,,
,blaADC\-51,,,,,,,,,,,,,,,,,
,blaADC\-52,,,,,,,,,,,,,,,,,
,blaADC\-53,,,,,,,,,,,,,,,,,
,blaADC\-54,,,,,,,,,,,,,,,,,
,blaADC\-56,,,,,,,,,,,,,,,,,
,blaADC\-57,,,,,,,,,,,,,,,,,
,blaADC\-58,,,,,,,,,,,,,,,,,
,blaADC\-59,,,,,,,,,,,,,,,,,
,blaADC\-6,,,,,,,,,,,,,,,,,
,blaADC\-60,,,,,,,,,,,,,,,,,
,blaADC\-61,,,,,,,,,,,,,,,,,
,blaADC\-62,,,,,,,,,,,,,,,,,
,blaADC\-63,,,,,,,,,,,,,,,,,
,blaADC\-65,,,,,,,,,,,,,,,,,
,blaADC\-66,,,,,,,,,,,,,,,,,
,blaADC\-67,,,,,,,,,,,,,,,,,
,blaADC\-68,,,,,,,,,,,,,,,,,
,blaADC\-7,,,,,,,,,,,,,,,,,
,blaADC\-70,,,,,,,,,,,,,,,,,
,blaADC\-73,,,,,,,,,,,,,,,,,
,blaADC\-74,,,,,,,,,,,,,,,,,
,blaADC\-75,,,,,,,,,,,,,,,,,
,blaADC\-76,,,,,,,,,,,,,,,,,
,blaADC\-77,,,,,,,,,,,,,,,,,
,blaADC\-78,,,,,,,,,,,,,,,,,
,blaADC\-79,,,,,,,,,,,,,,,,,
,blaADC\-8,,,,,,,,,,,,,,,,,
,blaADC\-80,,,,,,,,,,,,,,,,,
,blaADC\-81,,,,,,,,,,,,,,,,,
,blaADC\-82,,,,,,,,,,,,,,,,,
,blaADC\-83,,,,,,,,,,,,,,,,,
,blaADC\-84,,,,,,,,,,,,,,,,,
,blaADC\-85,,,,,,,,,,,,,,,,,
,blaADC\-86,,,,,,,,,,,,,,,,,
,blaADC\-87,,,,,,,,,,,,,,,,,
,blaADC\-88,,,,,,,,,,,,,,,,,
,blaADC\-89,,,,,,,,,,,,,,,,,
,blaADC\-90,,,,,,,,,,,,,,,,,
,blaADC\-91,,,,,,,,,,,,,,,,,
,blaADC\-92,,,,,,,,,,,,,,,,,
,blaADC\-93,,,,,,,,,,,,,,,,,
,blaADC\-94,,,,,,,,,,,,,,,,,
,blaADC\-95,,,,,,,,,,,,,,,,,
,blaADC\-96,,,,,,,,,,,,,,,,,
,blaADC\-97,,,,,,,,,,,,,,,,,
,blaADC\-98,,,,,,,,,,,,,,,,,
,blaADC\-99,,,,,,,,,,,,,,,,,
,blaAER\-1,,,,,,,,,,,,,,,,,
,blaAFM\-1,,,,,,,,,,,,,,,,,
,blaAIM\-1,,,,,,,,,,,,,,,,,
,blaALG11\-1,,,,,,,,,,,,,,,,,
,blaALG6\-1,,,,,,,,,,,,,,,,,
,blaALI\-1,,,,,,,,,,,,,,,,,
,blaALI\-2,,,,,,,,,,,,,,,,,
,blaANA\-1,,,,,,,,,,,,,,,,,
,blaAQU\-1,,,,,,,,,,,,,,,,,
,blaARL\-1,,,,,,,,,,,,,,,,,
,blaARL\-2,,,,,,,,,,,,,,,,,
,blaARL\-3,,,,,,,,,,,,,,,,,
,blaARL\-4,,,,,,,,,,,,,,,,,
,blaARL\-5,,,,,,,,,,,,,,,,,
,blaARL\-6,,,,,,,,,,,,,,,,,
,blaAST\-1,,,,,,,,,,,,,,,,,
,blaAXC\-1,,,,,,,,,,,,,,,,,
,blaB\-1,,,,,,,,,,,,,,,,,
,blaB\-10,,,,,,,,,,,,,,,,,
,blaB\-11,,,,,,,,,,,,,,,,,
,blaB\-12,,,,,,,,,,,,,,,,,
,blaB\-13,,,,,,,,,,,,,,,,,
,blaB\-14,,,,,,,,,,,,,,,,,
,blaB\-2,,,,,,,,,,,,,,,,,
,blaB\-3,,,,,,,,,,,,,,,,,
,blaB\-5,,,,,,,,,,,,,,,,,
,blaB\-6,,,,,,,,,,,,,,,,,
,blaB\-7,,,,,,,,,,,,,,,,,
,blaB\-8,,,,,,,,,,,,,,,,,
,blaB\-9,,,,,,,,,,,,,,,,,
,blaPEDO\-3,,,,,,,,,,,,,,,,,
,blaPEDO\-1,,,,,,,,,,,,,,,,,
,blaPEDO\-2,,,,,,,,,,,,,,,,,
,blaBAT\-1,,,,,,,,,,,,,,,,,
,blaBCL\-1,,,,,,,,,,,,,,,,,
,blaBEL\-1,,,,,,,,,,,,,,,,,
,blaBEL\-2,,,,,,,,,,,,,,,,,
,blaBEL\-3,,,,,,,,,,,,,,,,,
,blaBEL\-4,,,,,,,,,,,,,,,,,
,blaBES\-1,,,,,,,,,,,,,,,,,
,blaBIC\-1,,,,,,,,,,,,,,,,,
,blaBJP\-1,,,,,,,,,,,,,,,,,
,blaBKC\-1,,,,,,,,,,,,,,,,,
,blaBPU\-1,,,,,,,,,,,,,,,,,
,blaBRO\-1,,,,,,,,,,,,,,,,,
,blaBRO\-2,,,,,,,,,,,,,,,,,
,blaBSU\-1,,,,,,,,,,,,,,,,,
,blaBUT\-1,,,,,,,,,,,,,,,,,
,blaBUT\-2,,,,,,,,,,,,,,,,,
,blaCAR\-1,,,,,,,,,,,,,,,,,
,blaCARB\-17,,,,,,,,,,,,,,,,,
,blaCARB\-18,,,,,,,,,,,,,,,,,
,blaCARB\-19,,,,,,,,,,,,,,,,,
,blaCARB\-20,,,,,,,,,,,,,,,,,
,blaCARB\-21,,,,,,,,,,,,,,,,,
,blaCARB\-22,,,,,,,,,,,,,,,,,
,blaCARB\-23,,,,,,,,,,,,,,,,,
,blaCARB\-24,,,,,,,,,,,,,,,,,
,blaCARB\-25,,,,,,,,,,,,,,,,,
,blaCARB\-26,,,,,,,,,,,,,,,,,
,blaCARB\-27,,,,,,,,,,,,,,,,,
,blaCARB\-28,,,,,,,,,,,,,,,,,
,blaCARB\-29,,,,,,,,,,,,,,,,,
,blaCARB\-30,,,,,,,,,,,,,,,,,
,blaCARB\-31,,,,,,,,,,,,,,,,,
,blaCARB\-32,,,,,,,,,,,,,,,,,
,blaCARB\-33,,,,,,,,,,,,,,,,,
,blaCARB\-34,,,,,,,,,,,,,,,,,
,blaCARB\-35,,,,,,,,,,,,,,,,,
,blaCARB\-36,,,,,,,,,,,,,,,,,
,blaCARB\-38,,,,,,,,,,,,,,,,,
,blaCARB\-40,,,,,,,,,,,,,,,,,
,blaCARB\-41,,,,,,,,,,,,,,,,,
,blaCARB\-42,,,,,,,,,,,,,,,,,
,blaCARB\-43,,,,,,,,,,,,,,,,,
,blaCARB\-44,,,,,,,,,,,,,,,,,
,blaCARB\-45,,,,,,,,,,,,,,,,,
,blaCARB\-46,,,,,,,,,,,,,,,,,
,blaCARB\-47,,,,,,,,,,,,,,,,,
,blaCARB\-48,,,,,,,,,,,,,,,,,
,blaCAU\-1,,,,,,,,,,,,,,,,,
,blaMBL1b,,,,,,,,,,,,,,,,,
,blaCBP\-1,,,,,,,,,,,,,,,,,
,blaCFE\-1,,,,,,,,,,,,,,,,,
,blaCFE\-2,,,,,,,,,,,,,,,,,
,blaCGA\-1,,,,,,,,,,,,,,,,,
,blaCIA\-1,,,,,,,,,,,,,,,,,
,blaCIA\-2,,,,,,,,,,,,,,,,,
,blaCIA\-3,,,,,,,,,,,,,,,,,
,blaCIA\-4,,,,,,,,,,,,,,,,,
,blaCKO\-1,,,,,,,,,,,,,,,,,
,blaMAL\-1,,,,,,,,,,,,,,,,,
,blaMAL\-2,,,,,,,,,,,,,,,,,
,blaCMA\-1,,,,,,,,,,,,,,,,,
,blaCMA\-2,,,,,,,,,,,,,,,,,
,blaCME\-1,,,,,,,,,,,,,,,,,
,blaCME\-2,,,,,,,,,,,,,,,,,
,blaCMH\-1,,,,,,,,,,,,,,,,,
,blaCMH\-2,,,,,,,,,,,,,,,,,
,blaCMH\-3,,,,,,,,,,,,,,,,,
,blaCMH\-4,,,,,,,,,,,,,,,,,
,blaCMH\-5,,,,,,,,,,,,,,,,,
,blaBIL\-1,,,,,,,,,,,,,,,,,
,blaCMY\-100,,,,,,,,,,,,,,,,,
,blaCMY\-101,,,,,,,,,,,,,,,,,
,blaCMY\-102,,,,,,,,,,,,,,,,,
,blaCMY\-103,,,,,,,,,,,,,,,,,
,blaCMY\-104,,,,,,,,,,,,,,,,,
,blaCMY\-105,,,,,,,,,,,,,,,,,
,blaCMY\-106,,,,,,,,,,,,,,,,,
,blaCMY\-107,,,,,,,,,,,,,,,,,
,blaCMY\-108,,,,,,,,,,,,,,,,,
,blaCMY\-109,,,,,,,,,,,,,,,,,
,blaCMY\-110,,,,,,,,,,,,,,,,,
,blaCMY\-111,,,,,,,,,,,,,,,,,
,blaCMY\-112,,,,,,,,,,,,,,,,,
,blaCMY\-113,,,,,,,,,,,,,,,,,
,blaCMY\-114,,,,,,,,,,,,,,,,,
,blaCMY\-115,,,,,,,,,,,,,,,,,
,blaCMY\-116,,,,,,,,,,,,,,,,,
,blaCMY\-117,,,,,,,,,,,,,,,,,
,blaCMY\-118,,,,,,,,,,,,,,,,,
,blaCMY\-119,,,,,,,,,,,,,,,,,
,blaCMY\-12,,,,,,,,,,,,,,,,,
,blaCMY\-121,,,,,,,,,,,,,,,,,
,blaCMY\-122,,,,,,,,,,,,,,,,,
,blaCMY\-124,,,,,,,,,,,,,,,,,
,blaCMY\-125,,,,,,,,,,,,,,,,,
,blaCMY\-127,,,,,,,,,,,,,,,,,
,blaCMY\-128,,,,,,,,,,,,,,,,,
,blaCMY\-129,,,,,,,,,,,,,,,,,
,blaCMY\-13,,,,,,,,,,,,,,,,,
,blaCMY\-130,,,,,,,,,,,,,,,,,
,blaCMY\-131,,,,,,,,,,,,,,,,,
,blaCMY\-132,,,,,,,,,,,,,,,,,
,blaCMY\-133,,,,,,,,,,,,,,,,,
,blaCMY\-134,,,,,,,,,,,,,,,,,
,blaCMY\-135,,,,,,,,,,,,,,,,,
,blaCMY\-138,,,,,,,,,,,,,,,,,
,blaCMY\-139,,,,,,,,,,,,,,,,,
,blaCMY\-14,,,,,,,,,,,,,,,,,
,blaCMY\-140,,,,,,,,,,,,,,,,,
,blaCMY\-141,,,,,,,,,,,,,,,,,
,blaCMY\-142,,,,,,,,,,,,,,,,,
,blaCMY\-143,,,,,,,,,,,,,,,,,
,blaCMY\-144,,,,,,,,,,,,,,,,,
,blaCMY\-145,,,,,,,,,,,,,,,,,
,blaCMY\-146,,,,,,,,,,,,,,,,,
,blaCMY\-147,,,,,,,,,,,,,,,,,
,blaCMY\-148,,,,,,,,,,,,,,,,,
,blaCMY\-149,,,,,,,,,,,,,,,,,
,blaCMY\-15,,,,,,,,,,,,,,,,,
,blaCMY\-150,,,,,,,,,,,,,,,,,
,blaCMY\-151,,,,,,,,,,,,,,,,,
,blaCMY\-152,,,,,,,,,,,,,,,,,
,blaCMY\-153,,,,,,,,,,,,,,,,,
,blaCMY\-154,,,,,,,,,,,,,,,,,
,blaCMY\-155,,,,,,,,,,,,,,,,,
,blaCMY\-156,,,,,,,,,,,,,,,,,
,blaCMY\-158,,,,,,,,,,,,,,,,,
,blaCMY\-159,,,,,,,,,,,,,,,,,
,blaCMY\-16,,,,,,,,,,,,,,,,,
,blaCMY\-160,,,,,,,,,,,,,,,,,
,blaCMY\-161,,,,,,,,,,,,,,,,,
,blaCMY\-162,,,,,,,,,,,,,,,,,
,blaCMY\-163,,,,,,,,,,,,,,,,,
,blaCMY\-17,,,,,,,,,,,,,,,,,
,blaCMY\-18,,,,,,,,,,,,,,,,,
,blaCMY\-2,,,,,,,,,,,,,,,,,
,blaCMY\-20,,,,,,,,,,,,,,,,,
,blaCMY\-21,,,,,,,,,,,,,,,,,
,blaCMY\-22,,,,,,,,,,,,,,,,,
,blaCMY\-23,,,,,,,,,,,,,,,,,
,blaCMY\-24,,,,,,,,,,,,,,,,,
,blaCMY\-25,,,,,,,,,,,,,,,,,
,blaCMY\-26,,,,,,,,,,,,,,,,,
,blaCMY\-27,,,,,,,,,,,,,,,,,
,blaCMY\-28,,,,,,,,,,,,,,,,,
,blaCMY\-29,,,,,,,,,,,,,,,,,
,blaCMY\-30,,,,,,,,,,,,,,,,,
,blaCMY\-31,,,,,,,,,,,,,,,,,
,blaCMY\-32,,,,,,,,,,,,,,,,,
,blaCMY\-33,,,,,,,,,,,,,,,,,
,blaCMY\-34,,,,,,,,,,,,,,,,,
,blaCMY\-35,,,,,,,,,,,,,,,,,
,blaCMY\-36,,,,,,,,,,,,,,,,,
,blaCMY\-37,,,,,,,,,,,,,,,,,
,blaCMY\-38,,,,,,,,,,,,,,,,,
,blaCMY\-39,,,,,,,,,,,,,,,,,
,blaCMY\-4,,,,,,,,,,,,,,,,,
,blaCMY\-40,,,,,,,,,,,,,,,,,
,blaCMY\-41,,,,,,,,,,,,,,,,,
,blaCMY\-42,,,,,,,,,,,,,,,,,
,blaCMY\-43,,,,,,,,,,,,,,,,,
,blaCMY\-44,,,,,,,,,,,,,,,,,
,blaCMY\-45,,,,,,,,,,,,,,,,,
,blaCMY\-46,,,,,,,,,,,,,,,,,
,blaCMY\-47,,,,,,,,,,,,,,,,,
,blaCMY\-48,,,,,,,,,,,,,,,,,
,blaCMY\-49,,,,,,,,,,,,,,,,,
,blaCMY\-5,,,,,,,,,,,,,,,,,
,blaCMY\-50,,,,,,,,,,,,,,,,,
,blaCMY\-51,,,,,,,,,,,,,,,,,
,blaCMY\-53,,,,,,,,,,,,,,,,,
,blaCMY\-54,,,,,,,,,,,,,,,,,
,blaCMY\-55,,,,,,,,,,,,,,,,,
,blaCMY\-56,,,,,,,,,,,,,,,,,
,blaCMY\-57,,,,,,,,,,,,,,,,,
,blaCMY\-58,,,,,,,,,,,,,,,,,
,blaCMY\-59,,,,,,,,,,,,,,,,,
,blaCMY\-6,,,,,,,,,,,,,,,,,
,blaCMY\-60,,,,,,,,,,,,,,,,,
,blaCMY\-61,,,,,,,,,,,,,,,,,
,blaCMY\-62,,,,,,,,,,,,,,,,,
,blaCMY\-63,,,,,,,,,,,,,,,,,
,blaCMY\-64,,,,,,,,,,,,,,,,,
,blaCMY\-65,,,,,,,,,,,,,,,,,
,blaCMY\-66,,,,,,,,,,,,,,,,,
,blaCMY\-67,,,,,,,,,,,,,,,,,
,blaCMY\-68,,,,,,,,,,,,,,,,,
,blaCMY\-69,,,,,,,,,,,,,,,,,
,blaCMY\-7,,,,,,,,,,,,,,,,,
,blaCMY\-70,,,,,,,,,,,,,,,,,
,blaCMY\-71,,,,,,,,,,,,,,,,,
,blaCMY\-72,,,,,,,,,,,,,,,,,
,blaCMY\-73,,,,,,,,,,,,,,,,,
,blaCMY\-74,,,,,,,,,,,,,,,,,
,blaCMY\-75,,,,,,,,,,,,,,,,,
,blaCMY\-76,,,,,,,,,,,,,,,,,
,blaCMY\-77,,,,,,,,,,,,,,,,,
,blaCMY\-78,,,,,,,,,,,,,,,,,
,blaCMY\-79,,,,,,,,,,,,,,,,,
,blaCMY\-80,,,,,,,,,,,,,,,,,
,blaCMY\-81,,,,,,,,,,,,,,,,,
,blaCMY\-82,,,,,,,,,,,,,,,,,
,blaCMY\-83,,,,,,,,,,,,,,,,,
,blaCMY\-84,,,,,,,,,,,,,,,,,
,blaCMY\-85,,,,,,,,,,,,,,,,,
,blaCMY\-86,,,,,,,,,,,,,,,,,
,blaCMY\-87,,,,,,,,,,,,,,,,,
,blaCMY\-89,,,,,,,,,,,,,,,,,
,blaCMY\-90,,,,,,,,,,,,,,,,,
,blaCMY\-93,,,,,,,,,,,,,,,,,
,blaCMY\-94,,,,,,,,,,,,,,,,,
,blaCMY\-95,,,,,,,,,,,,,,,,,
,blaCMY\-96,,,,,,,,,,,,,,,,,
,blaCMY\-97,,,,,,,,,,,,,,,,,
,blaCMY\-99,,,,,,,,,,,,,,,,,
,blaCPS\-1,,,,,,,,,,,,,,,,,
,blaCRD3\-1,,,,,,,,,,,,,,,,,
,blaCRH\-1,,,,,,,,,,,,,,,,,
,blaCRH\-2,,,,,,,,,,,,,,,,,
,blaCRH\-3,,,,,,,,,,,,,,,,,
,blaCRP\-1,,,,,,,,,,,,,,,,,
,blaCSA\-1,,,,,,,,,,,,,,,,,
,blaCSA\-2,,,,,,,,,,,,,,,,,
,blaCSP\-1,,,,,,,,,,,,,,,,,
,blaSPU\-1,,,,,,,,,,,,,,,,,
,blaCTX\-M\-1,,,,,,,,,,,,,,,,,
,blaCTX\-M\-10,,,,,,,,,,,,,,,,,
,blaCTX\-M\-100,,,,,,,,,,,,,,,,,
,blaCTX\-M\-101,,,,,,,,,,,,,,,,,
,blaCTX\-M\-102,,,,,,,,,,,,,,,,,
,blaCTX\-M\-103,,,,,,,,,,,,,,,,,
,blaCTX\-M\-104,,,,,,,,,,,,,,,,,
,blaCTX\-M\-105,,,,,,,,,,,,,,,,,
,blaCTX\-M\-110,,,,,,,,,,,,,,,,,
,blaCTX\-M\-111,,,,,,,,,,,,,,,,,
,blaCTX\-M\-112,,,,,,,,,,,,,,,,,
,blaCTX\-M\-113,,,,,,,,,,,,,,,,,
,blaCTX\-M\-114,,,,,,,,,,,,,,,,,
,blaCTX\-M\-115,,,,,,,,,,,,,,,,,
,blaCTX\-M\-116,,,,,,,,,,,,,,,,,
,blaCTX\-M\-117,,,,,,,,,,,,,,,,,
,blaCTX\-M\-12,,,,,,,,,,,,,,,,,
,blaCTX\-M\-121,,,,,,,,,,,,,,,,,
,blaCTX\-M\-122,,,,,,,,,,,,,,,,,
,blaCTX\-M\-123,,,,,,,,,,,,,,,,,
,blaCTX\-M\-124,,,,,,,,,,,,,,,,,
,blaCTX\-M\-125,,,,,,,,,,,,,,,,,
,blaCTX\-M\-126,,,,,,,,,,,,,,,,,
,blaCTX\-M\-127,,,,,,,,,,,,,,,,,
,blaCTX\-M\-129,,,,,,,,,,,,,,,,,
,blaCTX\-M\-13,,,,,,,,,,,,,,,,,
,blaCTX\-M\-130,,,,,,,,,,,,,,,,,
,blaCTX\-M\-131,,,,,,,,,,,,,,,,,
,blaCTX\-M\-132,,,,,,,,,,,,,,,,,
,blaCTX\-M\-134,,,,,,,,,,,,,,,,,
,blaCTX\-M\-136,,,,,,,,,,,,,,,,,
,blaCTX\-M\-137,,,,,,,,,,,,,,,,,
,blaCTX\-M\-138,,,,,,,,,,,,,,,,,
,blaCTX\-M\-139,,,,,,,,,,,,,,,,,
,blaCTX\-M\-14,,,,,,,,,,,,,,,,,
,blaCTX\-M\-141,,,,,,,,,,,,,,,,,
,blaCTX\-M\-142,,,,,,,,,,,,,,,,,
,blaCTX\-M\-144,,,,,,,,,,,,,,,,,
,blaCTX\-M\-146,,,,,,,,,,,,,,,,,
,blaCTX\-M\-147,,,,,,,,,,,,,,,,,
,blaCTX\-M\-148,,,,,,,,,,,,,,,,,
,blaCTX\-M\-15,,,,,,,,,,,,,,,,,
,blaCTX\-M\-150,,,,,,,,,,,,,,,,,
,blaCTX\-M\-151,,,,,,,,,,,,,,,,,
,blaCTX\-M\-152,,,,,,,,,,,,,,,,,
,blaCTX\-M\-155,,,,,,,,,,,,,,,,,
,blaCTX\-M\-156,,,,,,,,,,,,,,,,,
,blaCTX\-M\-157,,,,,,,,,,,,,,,,,
,blaCTX\-M\-158,,,,,,,,,,,,,,,,,
,blaCTX\-M\-159,,,,,,,,,,,,,,,,,
,blaCTX\-M\-16,,,,,,,,,,,,,,,,,
,blaCTX\-M\-160,,,,,,,,,,,,,,,,,
,blaCTX\-M\-161,,,,,,,,,,,,,,,,,
,blaCTX\-M\-162,,,,,,,,,,,,,,,,,
,blaCTX\-M\-163,,,,,,,,,,,,,,,,,
,blaCTX\-M\-164,,,,,,,,,,,,,,,,,
,blaCTX\-M\-165,,,,,,,,,,,,,,,,,
,blaCTX\-M\-166,,,,,,,,,,,,,,,,,
,blaCTX\-M\-167,,,,,,,,,,,,,,,,,
,blaCTX\-M\-168,,,,,,,,,,,,,,,,,
,blaCTX\-M\-169,,,,,,,,,,,,,,,,,
,blaCTX\-M\-17,,,,,,,,,,,,,,,,,
,blaCTX\-M\-170,,,,,,,,,,,,,,,,,
,blaCTX\-M\-171,,,,,,,,,,,,,,,,,
,blaCTX\-M\-172,,,,,,,,,,,,,,,,,
,blaCTX\-M\-173,,,,,,,,,,,,,,,,,
,blaCTX\-M\-174,,,,,,,,,,,,,,,,,
,blaCTX\-M\-175,,,,,,,,,,,,,,,,,
,blaCTX\-M\-176,,,,,,,,,,,,,,,,,
,blaCTX\-M\-177,,,,,,,,,,,,,,,,,
,blaCTX\-M\-178,,,,,,,,,,,,,,,,,
,blaCTX\-M\-179,,,,,,,,,,,,,,,,,
,blaCTX\-M\-180,,,,,,,,,,,,,,,,,
,blaCTX\-M\-181,,,,,,,,,,,,,,,,,
,blaCTX\-M\-182,,,,,,,,,,,,,,,,,
,blaCTX\-M\-183,,,,,,,,,,,,,,,,,
,blaCTX\-M\-184,,,,,,,,,,,,,,,,,
,blaCTX\-M\-185,,,,,,,,,,,,,,,,,
,blaCTX\-M\-186,,,,,,,,,,,,,,,,,
,blaCTX\-M\-187,,,,,,,,,,,,,,,,,
,blaCTX\-M\-188,,,,,,,,,,,,,,,,,
,blaCTX\-M\-189,,,,,,,,,,,,,,,,,
,blaCTX\-M\-19,,,,,,,,,,,,,,,,,
,blaCTX\-M\-190,,,,,,,,,,,,,,,,,
,blaCTX\-M\-191,,,,,,,,,,,,,,,,,
,blaCTX\-M\-192,,,,,,,,,,,,,,,,,
,blaCTX\-M\-193,,,,,,,,,,,,,,,,,
,blaCTX\-M\-194,,,,,,,,,,,,,,,,,
,blaCTX\-M\-195,,,,,,,,,,,,,,,,,
,blaCTX\-M\-196,,,,,,,,,,,,,,,,,
,blaCTX\-M\-197,,,,,,,,,,,,,,,,,
,blaCTX\-M\-198,,,,,,,,,,,,,,,,,
,blaCTX\-M\-199,,,,,,,,,,,,,,,,,
,blaCTX\-M\-2,,,,,,,,,,,,,,,,,
,blaCTX\-M\-20,,,,,,,,,,,,,,,,,
,blaCTX\-M\-200,,,,,,,,,,,,,,,,,
,blaCTX\-M\-201,,,,,,,,,,,,,,,,,
,blaCTX\-M\-202,,,,,,,,,,,,,,,,,
,blaCTX\-M\-203,,,,,,,,,,,,,,,,,
,blaCTX\-M\-204,,,,,,,,,,,,,,,,,
,blaCTX\-M\-205,,,,,,,,,,,,,,,,,
,blaCTX\-M\-206,,,,,,,,,,,,,,,,,
,blaCTX\-M\-207,,,,,,,,,,,,,,,,,
,blaCTX\-M\-208,,,,,,,,,,,,,,,,,
,blaCTX\-M\-209,,,,,,,,,,,,,,,,,
,blaCTX\-M\-21,,,,,,,,,,,,,,,,,
,blaCTX\-M\-210,,,,,,,,,,,,,,,,,
,blaCTX\-M\-211,,,,,,,,,,,,,,,,,
,blaCTX\-M\-212,,,,,,,,,,,,,,,,,
,blaCTX\-M\-213,,,,,,,,,,,,,,,,,
,blaCTX\-M\-214,,,,,,,,,,,,,,,,,
,blaCTX\-M\-215,,,,,,,,,,,,,,,,,
,blaCTX\-M\-216,,,,,,,,,,,,,,,,,
,blaCTX\-M\-217,,,,,,,,,,,,,,,,,
,blaCTX\-M\-218,,,,,,,,,,,,,,,,,
,blaCTX\-M\-219,,,,,,,,,,,,,,,,,
,blaCTX\-M\-22,,,,,,,,,,,,,,,,,
,blaCTX\-M\-220,,,,,,,,,,,,,,,,,
,blaCTX\-M\-221,,,,,,,,,,,,,,,,,
,blaCTX\-M\-222,,,,,,,,,,,,,,,,,
,blaCTX\-M\-223,,,,,,,,,,,,,,,,,
,blaCTX\-M\-224,,,,,,,,,,,,,,,,,
,blaCTX\-M\-225,,,,,,,,,,,,,,,,,
,blaCTX\-M\-226,,,,,,,,,,,,,,,,,
,blaCTX\-M\-23,,,,,,,,,,,,,,,,,
,blaCTX\-M\-24,,,,,,,,,,,,,,,,,
,blaCTX\-M\-25,,,,,,,,,,,,,,,,,
,blaCTX\-M\-26,,,,,,,,,,,,,,,,,
,blaCTX\-M\-27,,,,,,,,,,,,,,,,,
,blaCTX\-M\-28,,,,,,,,,,,,,,,,,
,blaCTX\-M\-29,,,,,,,,,,,,,,,,,
,blaCTX\-M\-3,,,,,,,,,,,,,,,,,
,blaCTX\-M\-30,,,,,,,,,,,,,,,,,
,blaCTX\-M\-31,,,,,,,,,,,,,,,,,
,blaCTX\-M\-32,,,,,,,,,,,,,,,,,
,blaCTX\-M\-33,,,,,,,,,,,,,,,,,
,blaCTX\-M\-34,,,,,,,,,,,,,,,,,
,blaCTX\-M\-35,,,,,,,,,,,,,,,,,
,blaCTX\-M\-36,,,,,,,,,,,,,,,,,
,blaCTX\-M\-37,,,,,,,,,,,,,,,,,
,blaCTX\-M\-38,,,,,,,,,,,,,,,,,
,blaCTX\-M\-39,,,,,,,,,,,,,,,,,
,blaCTX\-M\-4,,,,,,,,,,,,,,,,,
,blaCTX\-M\-40,,,,,,,,,,,,,,,,,
,blaCTX\-M\-41,,,,,,,,,,,,,,,,,
,blaCTX\-M\-42,,,,,,,,,,,,,,,,,
,blaCTX\-M\-43,,,,,,,,,,,,,,,,,
,blaCTX\-M\-44,,,,,,,,,,,,,,,,,
,blaCTX\-M\-46,,,,,,,,,,,,,,,,,
,blaCTX\-M\-47,,,,,,,,,,,,,,,,,
,blaCTX\-M\-48,,,,,,,,,,,,,,,,,
,blaCTX\-M\-49,,,,,,,,,,,,,,,,,
,blaCTX\-M\-5,,,,,,,,,,,,,,,,,
,blaCTX\-M\-50,,,,,,,,,,,,,,,,,
,blaCTX\-M\-51,,,,,,,,,,,,,,,,,
,blaCTX\-M\-52,,,,,,,,,,,,,,,,,
,blaCTX\-M\-53,,,,,,,,,,,,,,,,,
,blaCTX\-M\-54,,,,,,,,,,,,,,,,,
,blaCTX\-M\-55,,,,,,,,,,,,,,,,,
,blaCTX\-M\-56,,,,,,,,,,,,,,,,,
,blaCTX\-M\-58,,,,,,,,,,,,,,,,,
,blaCTX\-M\-59,,,,,,,,,,,,,,,,,
,blaCTX\-M\-6,,,,,,,,,,,,,,,,,
,blaCTX\-M\-60,,,,,,,,,,,,,,,,,
,blaCTX\-M\-61,,,,,,,,,,,,,,,,,
,blaCTX\-M\-62,,,,,,,,,,,,,,,,,
,blaCTX\-M\-63,,,,,,,,,,,,,,,,,
,blaCTX\-M\-64,,,,,,,,,,,,,,,,,
,blaCTX\-M\-65,,,,,,,,,,,,,,,,,
,blaCTX\-M\-66,,,,,,,,,,,,,,,,,
,blaCTX\-M\-67,,,,,,,,,,,,,,,,,
,blaCTX\-M\-68,,,,,,,,,,,,,,,,,
,blaCTX\-M\-69,,,,,,,,,,,,,,,,,
,blaCTX\-M\-7,,,,,,,,,,,,,,,,,
,blaCTX\-M\-71,,,,,,,,,,,,,,,,,
,blaCTX\-M\-72,,,,,,,,,,,,,,,,,
,blaCTX\-M\-73,,,,,,,,,,,,,,,,,
,blaCTX\-M\-74,,,,,,,,,,,,,,,,,
,blaCTX\-M\-75,,,,,,,,,,,,,,,,,
,blaCTX\-M\-76,,,,,,,,,,,,,,,,,
,blaCTX\-M\-77,,,,,,,,,,,,,,,,,
,blaCTX\-M\-78,,,,,,,,,,,,,,,,,
,blaCTX\-M\-79,,,,,,,,,,,,,,,,,
,blaCTX\-M\-8,,,,,,,,,,,,,,,,,
,blaCTX\-M\-80,,,,,,,,,,,,,,,,,
,blaCTX\-M\-81,,,,,,,,,,,,,,,,,
,blaCTX\-M\-82,,,,,,,,,,,,,,,,,
,blaCTX\-M\-83,,,,,,,,,,,,,,,,,
,blaCTX\-M\-84,,,,,,,,,,,,,,,,,
,blaCTX\-M\-85,,,,,,,,,,,,,,,,,
,blaCTX\-M\-86,,,,,,,,,,,,,,,,,
,blaCTX\-M\-87,,,,,,,,,,,,,,,,,
,blaCTX\-M\-88,,,,,,,,,,,,,,,,,
,blaCTX\-M\-89,,,,,,,,,,,,,,,,,
,blaCTX\-M\-9,,,,,,,,,,,,,,,,,
,blaCTX\-M\-90,,,,,,,,,,,,,,,,,
,blaCTX\-M\-91,,,,,,,,,,,,,,,,,
,blaCTX\-M\-92,,,,,,,,,,,,,,,,,
,blaCTX\-M\-93,,,,,,,,,,,,,,,,,
,blaCTX\-M\-94,,,,,,,,,,,,,,,,,
,blaCTX\-M\-95,,,,,,,,,,,,,,,,,
,blaCTX\-M\-96,,,,,,,,,,,,,,,,,
,blaCTX\-M\-97,,,,,,,,,,,,,,,,,
,blaCTX\-M\-98,,,,,,,,,,,,,,,,,
,blaCTX\-M\-99,,,,,,,,,,,,,,,,,
,blaDES\-1,,,,,,,,,,,,,,,,,
,blaDHA\-1,,,,,,,,,,,,,,,,,
,blaDHA\-10,,,,,,,,,,,,,,,,,
,blaDHA\-12,,,,,,,,,,,,,,,,,
,blaDHA\-13,,,,,,,,,,,,,,,,,
,blaDHA\-14,,,,,,,,,,,,,,,,,
,blaDHA\-15,,,,,,,,,,,,,,,,,
,blaDHA\-16,,,,,,,,,,,,,,,,,
,blaDHA\-17,,,,,,,,,,,,,,,,,
,blaDHA\-18,,,,,,,,,,,,,,,,,
,blaDHA\-19,,,,,,,,,,,,,,,,,
,blaDHA\-2,,,,,,,,,,,,,,,,,
,blaDHA\-20,,,,,,,,,,,,,,,,,
,blaDHA\-21,,,,,,,,,,,,,,,,,
,blaDHA\-22,,,,,,,,,,,,,,,,,
,blaDHA\-23,,,,,,,,,,,,,,,,,
,blaDHA\-24,,,,,,,,,,,,,,,,,
,blaDHA\-25,,,,,,,,,,,,,,,,,
,blaDHA\-26,,,,,,,,,,,,,,,,,
,blaDHA\-27,,,,,,,,,,,,,,,,,
,blaDHA\-28,,,,,,,,,,,,,,,,,
,blaDHA\-3,,,,,,,,,,,,,,,,,
,blaDHA\-4,,,,,,,,,,,,,,,,,
,blaDHA\-5,,,,,,,,,,,,,,,,,
,blaDHA\-6,,,,,,,,,,,,,,,,,
,blaDHA\-7,,,,,,,,,,,,,,,,,
,blaDHA\-9,,,,,,,,,,,,,,,,,
,blaMOR\-2,,,,,,,,,,,,,,,,,
,blaDHT2\-1,,,,,,,,,,,,,,,,,
,blaDIM\-1,,,,,,,,,,,,,,,,,
,blaEAM\-1,,,,,,,,,,,,,,,,,
,blaEBR\-1,,,,,,,,,,,,,,,,,
,blaEBR\-2,,,,,,,,,,,,,,,,,
,blaECM\-1,,,,,,,,,,,,,,,,,
,blaECV\-1,,,,,,,,,,,,,,,,,
,blaEFM\-1,,,,,,,,,,,,,,,,,
,blaELM\-1,,,,,,,,,,,,,,,,,
,blaERP\-1,,,,,,,,,,,,,,,,,
,blaESP\-1,,,,,,,,,,,,,,,,,
,blaEVM\-1,,,,,,,,,,,,,,,,,
,blaFAR\-1,,,,,,,,,,,,,,,,,
,blaFEZ\-1,,,,,,,,,,,,,,,,,
,blaFIA\-1,,,,,,,,,,,,,,,,,
,blaFIM\-1,,,,,,,,,,,,,,,,,
,blaFONA\-1,,,,,,,,,,,,,,,,,
,blaFONA\-2,,,,,,,,,,,,,,,,,
,blaFONA\-3,,,,,,,,,,,,,,,,,
,blaFONA\-4,,,,,,,,,,,,,,,,,
,blaFONA\-5,,,,,,,,,,,,,,,,,
,blaFONA\-6,,,,,,,,,,,,,,,,,
,blaSFO\-1,,,,,,,,,,,,,,,,,
,blaFOX\-1,,,,,,,,,,,,,,,,,
,blaFOX\-10,,,,,,,,,,,,,,,,,
,blaFOX\-12,,,,,,,,,,,,,,,,,
,blaFOX\-13,,,,,,,,,,,,,,,,,
,blaFOX\-14,,,,,,,,,,,,,,,,,
,blaFOX\-16,,,,,,,,,,,,,,,,,
,blaFOX\-2,,,,,,,,,,,,,,,,,
,blaFOX\-3,,,,,,,,,,,,,,,,,
,blaFOX\-4,,,,,,,,,,,,,,,,,
,blaFOX\-5,,,,,,,,,,,,,,,,,
,blaFOX\-7,,,,,,,,,,,,,,,,,
,blaFOX\-8,,,,,,,,,,,,,,,,,
,blaFOX\-9,,,,,,,,,,,,,,,,,
,blaFPH\-1,,,,,,,,,,,,,,,,,
,blaFRI\-1,,,,,,,,,,,,,,,,,
,blaFRI\-2,,,,,,,,,,,,,,,,,
,blaFRI\-3,,,,,,,,,,,,,,,,,
,blaFRI\-4,,,,,,,,,,,,,,,,,
,blaFRI\-5,,,,,,,,,,,,,,,,,
,blaFRI\-6,,,,,,,,,,,,,,,,,
,blaFRI\-7,,,,,,,,,,,,,,,,,
,blaFTU\-1,,,,,,,,,,,,,,,,,
,blaGES\-1,,,,,,,,,,,,,,,,,
,blaGES\-10,,,,,,,,,,,,,,,,,
,blaGES\-11,,,,,,,,,,,,,,,,,
,blaGES\-12,,,,,,,,,,,,,,,,,
,blaGES\-13,,,,,,,,,,,,,,,,,
,blaGES\-14,,,,,,,,,,,,,,,,,
,blaGES\-15,,,,,,,,,,,,,,,,,
,blaGES\-16,,,,,,,,,,,,,,,,,
,blaGES\-17,,,,,,,,,,,,,,,,,
,blaGES\-18,,,,,,,,,,,,,,,,,
,blaGES\-19,,,,,,,,,,,,,,,,,
,blaGES\-2,,,,,,,,,,,,,,,,,
,blaGES\-20,,,,,,,,,,,,,,,,,
,blaGES\-21,,,,,,,,,,,,,,,,,
,blaGES\-22,,,,,,,,,,,,,,,,,
,blaGES\-23,,,,,,,,,,,,,,,,,
,blaGES\-24,,,,,,,,,,,,,,,,,
,blaGES\-25,,,,,,,,,,,,,,,,,
,blaGES\-26,,,,,,,,,,,,,,,,,
,blaGES\-27,,,,,,,,,,,,,,,,,
,blaGES\-28,,,,,,,,,,,,,,,,,
,blaGES\-29,,,,,,,,,,,,,,,,,
,blaGES\-3,,,,,,,,,,,,,,,,,
,blaGES\-30,,,,,,,,,,,,,,,,,
,blaGES\-31,,,,,,,,,,,,,,,,,
,blaGES\-32,,,,,,,,,,,,,,,,,
,blaGES\-33,,,,,,,,,,,,,,,,,
,blaGES\-34,,,,,,,,,,,,,,,,,
,blaGES\-35,,,,,,,,,,,,,,,,,
,blaGES\-36,,,,,,,,,,,,,,,,,
,blaGES\-37,,,,,,,,,,,,,,,,,
,blaGES\-38,,,,,,,,,,,,,,,,,
,blaGES\-39,,,,,,,,,,,,,,,,,
,blaGES\-4,,,,,,,,,,,,,,,,,
,blaGES\-40,,,,,,,,,,,,,,,,,
,blaGES\-5,,,,,,,,,,,,,,,,,
,blaGES\-6,,,,,,,,,,,,,,,,,
,blaGES\-7,,,,,,,,,,,,,,,,,
,blaGES\-8,,,,,,,,,,,,,,,,,
,blaGES\-9,,,,,,,,,,,,,,,,,
,blaGIL\-1,,,,,,,,,,,,,,,,,
,blaGIM\-1,,,,,,,,,,,,,,,,,
,blaGIM\-2,,,,,,,,,,,,,,,,,
,blaGOB\-1,,,,,,,,,,,,,,,,,
,blaGOB\-10,,,,,,,,,,,,,,,,,
,blaGOB\-11,,,,,,,,,,,,,,,,,
,blaGOB\-12,,,,,,,,,,,,,,,,,
,blaGOB\-13,,,,,,,,,,,,,,,,,
,blaGOB\-14,,,,,,,,,,,,,,,,,
,blaGOB\-15,,,,,,,,,,,,,,,,,
,blaGOB\-16,,,,,,,,,,,,,,,,,
,blaGOB\-17,,,,,,,,,,,,,,,,,
,blaGOB\-18,,,,,,,,,,,,,,,,,
,blaGOB\-5,,,,,,,,,,,,,,,,,
,blaGOB\-7,,,,,,,,,,,,,,,,,
,blaGOB\-8,,,,,,,,,,,,,,,,,
,blaGOB\-9,,,,,,,,,,,,,,,,,
,blaGPC\-1,,,,,,,,,,,,,,,,,
,blaGRD23\-1,,,,,,,,,,,,,,,,,
,blaGRD33\-1,,,,,,,,,,,,,,,,,
,blaHER\-1,,,,,,,,,,,,,,,,,
,blaHER\-2,,,,,,,,,,,,,,,,,
,blaHER\-3,,,,,,,,,,,,,,,,,
,blaHER\-4,,,,,,,,,,,,,,,,,
,blaHER\-5,,,,,,,,,,,,,,,,,
,blaHER\-6,,,,,,,,,,,,,,,,,
,blaHER\-8,,,,,,,,,,,,,,,,,
,blaHMB\-1,,,,,,,,,,,,,,,,,
,blaIMI\-1,,,,,,,,,,,,,,,,,
,blaIMI\-12,,,,,,,,,,,,,,,,,
,blaIMI\-13,,,,,,,,,,,,,,,,,
,blaIMI\-14,,,,,,,,,,,,,,,,,
,blaIMI\-15,,,,,,,,,,,,,,,,,
,blaIMI\-16,,,,,,,,,,,,,,,,,
,blaIMI\-17,,,,,,,,,,,,,,,,,
,blaIMI\-18,,,,,,,,,,,,,,,,,
,blaIMI\-2,,,,,,,,,,,,,,,,,
,blaIMI\-3,,,,,,,,,,,,,,,,,
,blaIMI\-4,,,,,,,,,,,,,,,,,
,blaIMI\-5,,,,,,,,,,,,,,,,,
,blaIMI\-6,,,,,,,,,,,,,,,,,
,blaIMI\-7,,,,,,,,,,,,,,,,,
,blaIMI\-8,,,,,,,,,,,,,,,,,
,blaIMI\-9,,,,,,,,,,,,,,,,,
,blaNMC\-A,,,,,,,,,,,,,,,,,
,blaIMP\-1,,,,,,,,,,,,,,,,,
,blaIMP\-10,,,,,,,,,,,,,,,,,
,blaIMP\-11,,,,,,,,,,,,,,,,,
,blaIMP\-12,,,,,,,,,,,,,,,,,
,blaIMP\-13,,,,,,,,,,,,,,,,,
,blaIMP\-14,,,,,,,,,,,,,,,,,
,blaIMP\-15,,,,,,,,,,,,,,,,,
,blaIMP\-16,,,,,,,,,,,,,,,,,
,blaIMP\-17,,,,,,,,,,,,,,,,,
,blaIMP\-18,,,,,,,,,,,,,,,,,
,blaIMP\-19,,,,,,,,,,,,,,,,,
,blaIMP\-2,,,,,,,,,,,,,,,,,
,blaIMP\-20,,,,,,,,,,,,,,,,,
,blaIMP\-21,,,,,,,,,,,,,,,,,
,blaIMP\-22,,,,,,,,,,,,,,,,,
,blaIMP\-23,,,,,,,,,,,,,,,,,
,blaIMP\-24,,,,,,,,,,,,,,,,,
,blaIMP\-25,,,,,,,,,,,,,,,,,
,blaIMP\-26,,,,,,,,,,,,,,,,,
,blaIMP\-27,,,,,,,,,,,,,,,,,
,blaIMP\-28,,,,,,,,,,,,,,,,,
,blaIMP\-29,,,,,,,,,,,,,,,,,
,blaIMP\-3,,,,,,,,,,,,,,,,,
,blaIMP\-30,,,,,,,,,,,,,,,,,
,blaIMP\-31,,,,,,,,,,,,,,,,,
,blaIMP\-32,,,,,,,,,,,,,,,,,
,blaIMP\-33,,,,,,,,,,,,,,,,,
,blaIMP\-34,,,,,,,,,,,,,,,,,
,blaIMP\-35,,,,,,,,,,,,,,,,,
,blaIMP\-37,,,,,,,,,,,,,,,,,
,blaIMP\-38,,,,,,,,,,,,,,,,,
,blaIMP\-39,,,,,,,,,,,,,,,,,
,blaIMP\-4,,,,,,,,,,,,,,,,,
,blaIMP\-40,,,,,,,,,,,,,,,,,
,blaIMP\-41,,,,,,,,,,,,,,,,,
,blaIMP\-42,,,,,,,,,,,,,,,,,
,blaIMP\-43,,,,,,,,,,,,,,,,,
,blaIMP\-44,,,,,,,,,,,,,,,,,
,blaIMP\-45,,,,,,,,,,,,,,,,,
,blaIMP\-46,,,,,,,,,,,,,,,,,
,blaIMP\-48,,,,,,,,,,,,,,,,,
,blaIMP\-49,,,,,,,,,,,,,,,,,
,blaIMP\-5,,,,,,,,,,,,,,,,,
,blaIMP\-51,,,,,,,,,,,,,,,,,
,blaIMP\-52,,,,,,,,,,,,,,,,,
,blaIMP\-53,,,,,,,,,,,,,,,,,
,blaIMP\-54,,,,,,,,,,,,,,,,,
,blaIMP\-55,,,,,,,,,,,,,,,,,
,blaIMP\-56,,,,,,,,,,,,,,,,,
,blaIMP\-58,,,,,,,,,,,,,,,,,
,blaIMP\-59,,,,,,,,,,,,,,,,,
,blaIMP\-6,,,,,,,,,,,,,,,,,
,blaIMP\-60,,,,,,,,,,,,,,,,,
,blaIMP\-61,,,,,,,,,,,,,,,,,
,blaIMP\-62,,,,,,,,,,,,,,,,,
,blaIMP\-63,,,,,,,,,,,,,,,,,
,blaIMP\-64,,,,,,,,,,,,,,,,,
,blaIMP\-66,,,,,,,,,,,,,,,,,
,blaIMP\-67,,,,,,,,,,,,,,,,,
,blaIMP\-68,,,,,,,,,,,,,,,,,
,blaIMP\-7,,,,,,,,,,,,,,,,,
,blaIMP\-70,,,,,,,,,,,,,,,,,
,blaIMP\-71,,,,,,,,,,,,,,,,,
,blaIMP\-73,,,,,,,,,,,,,,,,,
,blaIMP\-74,,,,,,,,,,,,,,,,,
,blaIMP\-75,,,,,,,,,,,,,,,,,
,blaIMP\-76,,,,,,,,,,,,,,,,,
,blaIMP\-77,,,,,,,,,,,,,,,,,
,blaIMP\-78,,,,,,,,,,,,,,,,,
,blaIMP\-79,,,,,,,,,,,,,,,,,
,blaIMP\-8,,,,,,,,,,,,,,,,,
,blaIMP\-80,,,,,,,,,,,,,,,,,
,blaIMP\-9,,,,,,,,,,,,,,,,,
,blaCGB\-1,,,,,,,,,,,,,,,,,
,blaIND\-1,,,,,,,,,,,,,,,,,
,blaIND\-10,,,,,,,,,,,,,,,,,
,blaIND\-11,,,,,,,,,,,,,,,,,
,blaIND\-12,,,,,,,,,,,,,,,,,
,blaIND\-14,,,,,,,,,,,,,,,,,
,blaIND\-15,,,,,,,,,,,,,,,,,
,blaIND\-16,,,,,,,,,,,,,,,,,
,blaIND\-2,,,,,,,,,,,,,,,,,
,blaIND\-2a,,,,,,,,,,,,,,,,,
,blaIND\-3,,,,,,,,,,,,,,,,,
,blaIND\-4,,,,,,,,,,,,,,,,,
,blaIND\-5,,,,,,,,,,,,,,,,,
,blaIND\-6,,,,,,,,,,,,,,,,,
,blaIND\-7,,,,,,,,,,,,,,,,,
,blaIND\-8,,,,,,,,,,,,,,,,,
,blaIND\-9,,,,,,,,,,,,,,,,,
,blaJOHN\-1,,,,,,,,,,,,,,,,,
,blaKHM\-1,,,,,,,,,,,,,,,,,
,blaKLUC\-1,,,,,,,,,,,,,,,,,
,blaKLUC\-2,,,,,,,,,,,,,,,,,
,blaKLUC\-3,,,,,,,,,,,,,,,,,
,blaKLUC\-4,,,,,,,,,,,,,,,,,
,blaKLUC\-5,,,,,,,,,,,,,,,,,
,blaKPC\-10,,,,,,,,,,,,,,,,,
,blaKPC\-11,,,,,,,,,,,,,,,,,
,blaKPC\-12,,,,,,,,,,,,,,,,,
,blaKPC\-13,,,,,,,,,,,,,,,,,
,blaKPC\-14,,,,,,,,,,,,,,,,,
,blaKPC\-15,,,,,,,,,,,,,,,,,
,blaKPC\-16,,,,,,,,,,,,,,,,,
,blaKPC\-17,,,,,,,,,,,,,,,,,
,blaKPC\-18,,,,,,,,,,,,,,,,,
,blaKPC\-19,,,,,,,,,,,,,,,,,
,blaKPC\-2,,,,,,,,,,,,,,,,,
,blaKPC\-21,,,,,,,,,,,,,,,,,
,blaKPC\-22,,,,,,,,,,,,,,,,,
,blaKPC\-23,,,,,,,,,,,,,,,,,
,blaKPC\-24,,,,,,,,,,,,,,,,,
,blaKPC\-25,,,,,,,,,,,,,,,,,
,blaKPC\-26,,,,,,,,,,,,,,,,,
,blaKPC\-27,,,,,,,,,,,,,,,,,
,blaKPC\-28,,,,,,,,,,,,,,,,,
,blaKPC\-29,,,,,,,,,,,,,,,,,
,blaKPC\-3,,,,,,,,,,,,,,,,,
,blaKPC\-30,,,,,,,,,,,,,,,,,
,blaKPC\-31,,,,,,,,,,,,,,,,,
,blaKPC\-32,,,,,,,,,,,,,,,,,
,blaKPC\-33,,,,,,,,,,,,,,,,,
,blaKPC\-34,,,,,,,,,,,,,,,,,
,blaKPC\-35,,,,,,,,,,,,,,,,,
,blaKPC\-36,,,,,,,,,,,,,,,,,
,blaKPC\-37,,,,,,,,,,,,,,,,,
,blaKPC\-38,,,,,,,,,,,,,,,,,
,blaKPC\-39,,,,,,,,,,,,,,,,,
,blaKPC\-4,,,,,,,,,,,,,,,,,
,blaKPC\-40,,,,,,,,,,,,,,,,,
,blaKPC\-42,,,,,,,,,,,,,,,,,
,blaKPC\-43,,,,,,,,,,,,,,,,,
,blaKPC\-5,,,,,,,,,,,,,,,,,
,blaKPC\-6,,,,,,,,,,,,,,,,,
,blaKPC\-7,,,,,,,,,,,,,,,,,
,blaKPC\-8,,,,,,,,,,,,,,,,,
,blaLAP\-1,,,,,,,,,,,,,,,,,
,blaLAP\-2,,,,,,,,,,,,,,,,,
,blaLAT\-1,,,,,,,,,,,,,,,,,
,blaLAT\-3,,,,,,,,,,,,,,,,,
,blaLCR\-1,,,,,,,,,,,,,,,,,
,blaLEN\-1,,,,,,,,,,,,,,,,,
,blaLEN\-10,,,,,,,,,,,,,,,,,
,blaLEN\-11,,,,,,,,,,,,,,,,,
,blaLEN\-13,,,,,,,,,,,,,,,,,
,blaLEN\-15,,,,,,,,,,,,,,,,,
,blaLEN\-16,,,,,,,,,,,,,,,,,
,blaLEN\-17,,,,,,,,,,,,,,,,,
,blaLEN\-18,,,,,,,,,,,,,,,,,
,blaLEN\-19,,,,,,,,,,,,,,,,,
,blaLEN\-2,,,,,,,,,,,,,,,,,
,blaLEN\-20,,,,,,,,,,,,,,,,,
,blaLEN\-21,,,,,,,,,,,,,,,,,
,blaLEN\-22,,,,,,,,,,,,,,,,,
,blaLEN\-23,,,,,,,,,,,,,,,,,
,blaLEN\-24,,,,,,,,,,,,,,,,,
,blaLEN\-25,,,,,,,,,,,,,,,,,
,blaLEN\-26,,,,,,,,,,,,,,,,,
,blaLEN\-28,,,,,,,,,,,,,,,,,
,blaLEN\-31,,,,,,,,,,,,,,,,,
,blaLEN\-5,,,,,,,,,,,,,,,,,
,blaLEN\-7,,,,,,,,,,,,,,,,,
,blaLEN\-8,,,,,,,,,,,,,,,,,
,blaLEN\-9,,,,,,,,,,,,,,,,,
,blaLHK\-1,,,,,,,,,,,,,,,,,
,blaLHK\-2,,,,,,,,,,,,,,,,,
,blaLHK\-3,,,,,,,,,,,,,,,,,
,blaLHK\-4,,,,,,,,,,,,,,,,,
,blaLHK\-5,,,,,,,,,,,,,,,,,
,blaLHK\-6,,,,,,,,,,,,,,,,,
,blaLHK\-7,,,,,,,,,,,,,,,,,
,blaLRG\-1,,,,,,,,,,,,,,,,,
,blaLUS\-1,,,,,,,,,,,,,,,,,
,blaLUT\-1,,,,,,,,,,,,,,,,,
,blaLUT\-2,,,,,,,,,,,,,,,,,
,blaLUT\-3,,,,,,,,,,,,,,,,,
,blaLUT\-4,,,,,,,,,,,,,,,,,
,blaLUT\-5,,,,,,,,,,,,,,,,,
,blaLUT\-6,,,,,,,,,,,,,,,,,
,blaMIR\-1,,,,,,,,,,,,,,,,,
,blaMIR\-10,,,,,,,,,,,,,,,,,
,blaMIR\-11,,,,,,,,,,,,,,,,,
,blaMIR\-12,,,,,,,,,,,,,,,,,
,blaMIR\-13,,,,,,,,,,,,,,,,,
,blaMIR\-15,,,,,,,,,,,,,,,,,
,blaMIR\-16,,,,,,,,,,,,,,,,,
,blaMIR\-17,,,,,,,,,,,,,,,,,
,blaMIR\-18,,,,,,,,,,,,,,,,,
,blaMIR\-19,,,,,,,,,,,,,,,,,
,blaMIR\-2,,,,,,,,,,,,,,,,,
,blaMIR\-20,,,,,,,,,,,,,,,,,
,blaMIR\-21,,,,,,,,,,,,,,,,,
,blaMIR\-22,,,,,,,,,,,,,,,,,
,blaMIR\-3,,,,,,,,,,,,,,,,,
,blaMIR\-4,,,,,,,,,,,,,,,,,
,blaMIR\-5,,,,,,,,,,,,,,,,,
,blaMIR\-6,,,,,,,,,,,,,,,,,
,blaMIR\-7,,,,,,,,,,,,,,,,,
,blaMIR\-9,,,,,,,,,,,,,,,,,
,blaMOC\-1,,,,,,,,,,,,,,,,,
,blaCMY\-1,,,,,,,,,,,,,,,,,
,blaCMY\-10,,,,,,,,,,,,,,,,,
,blaCMY\-11,,,,,,,,,,,,,,,,,
,blaCMY\-19,,,,,,,,,,,,,,,,,
,blaCMY\-8,,,,,,,,,,,,,,,,,
,blaCMY\-8b,,,,,,,,,,,,,,,,,
,blaCMY\-9,,,,,,,,,,,,,,,,,
,blaMOX\-1,,,,,,,,,,,,,,,,,
,blaMOX\-10,,,,,,,,,,,,,,,,,
,blaMOX\-11,,,,,,,,,,,,,,,,,
,blaMOX\-12,,,,,,,,,,,,,,,,,
,blaMOX\-2,,,,,,,,,,,,,,,,,
,blaMOX\-3,,,,,,,,,,,,,,,,,
,blaMOX\-4,,,,,,,,,,,,,,,,,
,blaMOX\-5,,,,,,,,,,,,,,,,,
,blaMOX\-6,,,,,,,,,,,,,,,,,
,blaMOX\-7,,,,,,,,,,,,,,,,,
,blaMOX\-8,,,,,,,,,,,,,,,,,
,blaMOX\-9,,,,,,,,,,,,,,,,,
,blaMSI\-1,,,,,,,,,,,,,,,,,
,blaMUS\-1,,,,,,,,,,,,,,,,,
,blaMUS\-2,,,,,,,,,,,,,,,,,
,blaMYO\-1,,,,,,,,,,,,,,,,,
,blaMYX\-1,,,,,,,,,,,,,,,,,
,blaNDM\-1,,,,,,,,,,,,,,,,,
,blaNDM\-10,,,,,,,,,,,,,,,,,
,blaNDM\-11,,,,,,,,,,,,,,,,,
,blaNDM\-12,,,,,,,,,,,,,,,,,
,blaNDM\-13,,,,,,,,,,,,,,,,,
,blaNDM\-14,,,,,,,,,,,,,,,,,
,blaNDM\-15,,,,,,,,,,,,,,,,,
,blaNDM\-16,,,,,,,,,,,,,,,,,
,blaNDM\-17,,,,,,,,,,,,,,,,,
,blaNDM\-18,,,,,,,,,,,,,,,,,
,blaNDM\-19,,,,,,,,,,,,,,,,,
,blaNDM\-2,,,,,,,,,,,,,,,,,
,blaNDM\-20,,,,,,,,,,,,,,,,,
,blaNDM\-21,,,,,,,,,,,,,,,,,
,blaNDM\-22,,,,,,,,,,,,,,,,,
,blaNDM\-23,,,,,,,,,,,,,,,,,
,blaNDM\-24,,,,,,,,,,,,,,,,,
,blaNDM\-27,,,,,,,,,,,,,,,,,
,blaNDM\-28,,,,,,,,,,,,,,,,,
,blaNDM\-3,,,,,,,,,,,,,,,,,
,blaNDM\-4,,,,,,,,,,,,,,,,,
,blaNDM\-5,,,,,,,,,,,,,,,,,
,blaNDM\-6,,,,,,,,,,,,,,,,,
,blaNDM\-7,,,,,,,,,,,,,,,,,
,blaNDM\-8,,,,,,,,,,,,,,,,,
,blaNDM\-9,,,,,,,,,,,,,,,,,
,blaNPS\-1,,,,,,,,,,,,,,,,,
,blaOCH\-1,,,,,,,,,,,,,,,,,
,blaOCH\-2,,,,,,,,,,,,,,,,,
,blaOCH\-3,,,,,,,,,,,,,,,,,
,blaOCH\-4,,,,,,,,,,,,,,,,,
,blaOCH\-5,,,,,,,,,,,,,,,,,
,blaOCH\-6,,,,,,,,,,,,,,,,,
,blaOCH\-7,,,,,,,,,,,,,,,,,
,blaOCH\-8,,,,,,,,,,,,,,,,,
,blaOHIO\-1,,,,,,,,,,,,,,,,,
,blaOKP\-A\-1,,,,,,,,,,,,,,,,,
,blaOKP\-A\-10,,,,,,,,,,,,,,,,,
,blaOKP\-A\-11,,,,,,,,,,,,,,,,,
,blaOKP\-A\-12,,,,,,,,,,,,,,,,,
,blaOKP\-A\-13,,,,,,,,,,,,,,,,,
,blaOKP\-A\-14,,,,,,,,,,,,,,,,,
,blaOKP\-A\-15,,,,,,,,,,,,,,,,,
,blaOKP\-A\-16,,,,,,,,,,,,,,,,,
,blaOKP\-A\-17,,,,,,,,,,,,,,,,,
,blaOKP\-A\-2,,,,,,,,,,,,,,,,,
,blaOKP\-A\-3,,,,,,,,,,,,,,,,,
,blaOKP\-A\-4,,,,,,,,,,,,,,,,,
,blaOKP\-A\-5,,,,,,,,,,,,,,,,,
,blaOKP\-A\-6,,,,,,,,,,,,,,,,,
,blaOKP\-A\-7,,,,,,,,,,,,,,,,,
,blaOKP\-A\-8,,,,,,,,,,,,,,,,,
,blaOKP\-A\-9,,,,,,,,,,,,,,,,,
,blaOKP\-B\-1,,,,,,,,,,,,,,,,,
,blaOKP\-B\-10,,,,,,,,,,,,,,,,,
,blaOKP\-B\-11,,,,,,,,,,,,,,,,,
,blaOKP\-B\-13,,,,,,,,,,,,,,,,,
,blaOKP\-B\-17,,,,,,,,,,,,,,,,,
,blaOKP\-B\-18,,,,,,,,,,,,,,,,,
,blaOKP\-B\-19,,,,,,,,,,,,,,,,,
,blaOKP\-B\-2,,,,,,,,,,,,,,,,,
,blaOKP\-B\-20,,,,,,,,,,,,,,,,,
,blaOKP\-B\-23,,,,,,,,,,,,,,,,,
,blaOKP\-B\-3,,,,,,,,,,,,,,,,,
,blaOKP\-B\-4,,,,,,,,,,,,,,,,,
,blaOKP\-B\-5,,,,,,,,,,,,,,,,,
,blaOKP\-B\-6,,,,,,,,,,,,,,,,,
,blaOKP\-B\-7,,,,,,,,,,,,,,,,,
,blaOKP\-B\-8,,,,,,,,,,,,,,,,,
,blaOKP\-B\-9,,,,,,,,,,,,,,,,,
,blaORN\-1,,,,,,,,,,,,,,,,,
,blaORN\-2,,,,,,,,,,,,,,,,,
,blaORN\-3,,,,,,,,,,,,,,,,,
,blaORN\-4,,,,,,,,,,,,,,,,,
,blaORN\-5,,,,,,,,,,,,,,,,,
,blaORN\-6,,,,,,,,,,,,,,,,,
,blaORR\-1,,,,,,,,,,,,,,,,,
,blaOXA\-1,,,,,,,,,,,,,,,,,
,blaOXA\-10,,,,,,,,,,,,,,,,,
,blaOXA\-100,,,,,,,,,,,,,,,,,
,blaOXA\-101,,,,,,,,,,,,,,,,,
,blaOXA\-103,,,,,,,,,,,,,,,,,
,blaOXA\-104,,,,,,,,,,,,,,,,,
,blaOXA\-106,,,,,,,,,,,,,,,,,
,blaOXA\-107,,,,,,,,,,,,,,,,,
,blaOXA\-108,,,,,,,,,,,,,,,,,
,blaOXA\-109,,,,,,,,,,,,,,,,,
,blaOXA\-11,,,,,,,,,,,,,,,,,
,blaOXA\-110,,,,,,,,,,,,,,,,,
,blaOXA\-111,,,,,,,,,,,,,,,,,
,blaOXA\-112,,,,,,,,,,,,,,,,,
,blaOXA\-113,,,,,,,,,,,,,,,,,
,blaOXA\-114a,,,,,,,,,,,,,,,,,
,blaOXA\-114b,,,,,,,,,,,,,,,,,
,blaOXA\-114c,,,,,,,,,,,,,,,,,
,blaOXA\-114d,,,,,,,,,,,,,,,,,
,blaOXA\-114e,,,,,,,,,,,,,,,,,
,blaOXA\-114f,,,,,,,,,,,,,,,,,
,blaOXA\-114g,,,,,,,,,,,,,,,,,
,blaOXA\-114h,,,,,,,,,,,,,,,,,
,blaOXA\-114i,,,,,,,,,,,,,,,,,
,blaOXA\-114j,,,,,,,,,,,,,,,,,
,blaOXA\-114k,,,,,,,,,,,,,,,,,
,blaOXA\-114l,,,,,,,,,,,,,,,,,
,blaOXA\-114m,,,,,,,,,,,,,,,,,
,blaOXA\-114n,,,,,,,,,,,,,,,,,
,blaOXA\-114p,,,,,,,,,,,,,,,,,
,blaOXA\-114q,,,,,,,,,,,,,,,,,
,blaOXA\-114r,,,,,,,,,,,,,,,,,
,blaOXA\-114s,,,,,,,,,,,,,,,,,
,blaOXA\-114t,,,,,,,,,,,,,,,,,
,blaOXA\-114u,,,,,,,,,,,,,,,,,
,blaOXA\-114v,,,,,,,,,,,,,,,,,
,blaOXA\-114w,,,,,,,,,,,,,,,,,
,blaOXA\-114x,,,,,,,,,,,,,,,,,
,blaOXA\-115,,,,,,,,,,,,,,,,,
,blaOXA\-117,,,,,,,,,,,,,,,,,
,blaOXA\-118,,,,,,,,,,,,,,,,,
,blaOXA\-119,,,,,,,,,,,,,,,,,
,blaOXA\-12,,,,,,,,,,,,,,,,,
,blaOXA\-120,,,,,,,,,,,,,,,,,
,blaOXA\-121,,,,,,,,,,,,,,,,,
,blaOXA\-122,,,,,,,,,,,,,,,,,
,blaOXA\-123,,,,,,,,,,,,,,,,,
,blaOXA\-124,,,,,,,,,,,,,,,,,
,blaOXA\-125,,,,,,,,,,,,,,,,,
,blaOXA\-126,,,,,,,,,,,,,,,,,
,blaOXA\-127,,,,,,,,,,,,,,,,,
,blaOXA\-128,,,,,,,,,,,,,,,,,
,blaOXA\-129,,,,,,,,,,,,,,,,,
,blaOXA\-13,,,,,,,,,,,,,,,,,
,blaOXA\-130,,,,,,,,,,,,,,,,,
,blaOXA\-131,,,,,,,,,,,,,,,,,
,blaOXA\-132,,,,,,,,,,,,,,,,,
,blaOXA\-133,,,,,,,,,,,,,,,,,
,blaOXA\-134,,,,,,,,,,,,,,,,,
,blaOXA\-136,,,,,,,,,,,,,,,,,
,blaOXA\-137,,,,,,,,,,,,,,,,,
,blaOXA\-138,,,,,,,,,,,,,,,,,
,blaOXA\-139,,,,,,,,,,,,,,,,,
,blaOXA\-14,,,,,,,,,,,,,,,,,
,blaOXA\-141,,,,,,,,,,,,,,,,,
,blaOXA\-142,,,,,,,,,,,,,,,,,
,blaOXA\-143,,,,,,,,,,,,,,,,,
,blaOXA\-144,,,,,,,,,,,,,,,,,
,blaOXA\-145,,,,,,,,,,,,,,,,,
,blaOXA\-146,,,,,,,,,,,,,,,,,
,blaOXA\-147,,,,,,,,,,,,,,,,,
,blaOXA\-148,,,,,,,,,,,,,,,,,
,blaOXA\-149,,,,,,,,,,,,,,,,,
,blaOXA\-15,,,,,,,,,,,,,,,,,
,blaOXA\-150,,,,,,,,,,,,,,,,,
,blaOXA\-151,,,,,,,,,,,,,,,,,
,blaOXA\-152,,,,,,,,,,,,,,,,,
,blaOXA\-153,,,,,,,,,,,,,,,,,
,blaOXA\-154,,,,,,,,,,,,,,,,,
,blaOXA\-155,,,,,,,,,,,,,,,,,
,blaOXA\-156,,,,,,,,,,,,,,,,,
,blaOXA\-157,,,,,,,,,,,,,,,,,
,blaOXA\-158,,,,,,,,,,,,,,,,,
,blaOXA\-159,,,,,,,,,,,,,,,,,
,blaOXA\-160,,,,,,,,,,,,,,,,,
,blaOXA\-161,,,,,,,,,,,,,,,,,
,blaOXA\-162,,,,,,,,,,,,,,,,,
,blaOXA\-163,,,,,,,,,,,,,,,,,
,blaOXA\-164,,,,,,,,,,,,,,,,,
,blaOXA\-165,,,,,,,,,,,,,,,,,
,blaOXA\-166,,,,,,,,,,,,,,,,,
,blaOXA\-167,,,,,,,,,,,,,,,,,
,blaOXA\-168,,,,,,,,,,,,,,,,,
,blaOXA\-169,,,,,,,,,,,,,,,,,
,blaOXA\-17,,,,,,,,,,,,,,,,,
,blaOXA\-170,,,,,,,,,,,,,,,,,
,blaOXA\-171,,,,,,,,,,,,,,,,,
,blaOXA\-172,,,,,,,,,,,,,,,,,
,blaOXA\-173,,,,,,,,,,,,,,,,,
,blaOXA\-174,,,,,,,,,,,,,,,,,
,blaOXA\-175,,,,,,,,,,,,,,,,,
,blaOXA\-176,,,,,,,,,,,,,,,,,
,blaOXA\-177,,,,,,,,,,,,,,,,,
,blaOXA\-178,,,,,,,,,,,,,,,,,
,blaOXA\-179,,,,,,,,,,,,,,,,,
,blaOXA\-18,,,,,,,,,,,,,,,,,
,blaOXA\-180,,,,,,,,,,,,,,,,,
,blaOXA\-181,,,,,,,,,,,,,,,,,
,blaOXA\-182,,,,,,,,,,,,,,,,,
,blaOXA\-183,,,,,,,,,,,,,,,,,
,blaOXA\-184,,,,,,,,,,,,,,,,,
,blaOXA\-185,,,,,,,,,,,,,,,,,
,blaOXA\-19,,,,,,,,,,,,,,,,,
,blaOXA\-192,,,,,,,,,,,,,,,,,
,blaOXA\-193,,,,,,,,,,,,,,,,,
,blaOXA\-194,,,,,,,,,,,,,,,,,
,blaOXA\-195,,,,,,,,,,,,,,,,,
,blaOXA\-196,,,,,,,,,,,,,,,,,
,blaOXA\-197,,,,,,,,,,,,,,,,,
,blaOXA\-198,,,,,,,,,,,,,,,,,
,blaOXA\-199,,,,,,,,,,,,,,,,,
,blaOXA\-2,,,,,,,,,,,,,,,,,
,blaOXA\-20,,,,,,,,,,,,,,,,,
,blaOXA\-200,,,,,,,,,,,,,,,,,
,blaOXA\-201,,,,,,,,,,,,,,,,,
,blaOXA\-202,,,,,,,,,,,,,,,,,
,blaOXA\-203,,,,,,,,,,,,,,,,,
,blaOXA\-204,,,,,,,,,,,,,,,,,
,blaOXA\-205,,,,,,,,,,,,,,,,,
,blaOXA\-206,,,,,,,,,,,,,,,,,
,blaOXA\-207,,,,,,,,,,,,,,,,,
,blaOXA\-208,,,,,,,,,,,,,,,,,
,blaOXA\-209,,,,,,,,,,,,,,,,,
,blaOXA\-21,,,,,,,,,,,,,,,,,
,blaOXA\-210,,,,,,,,,,,,,,,,,
,blaOXA\-211,,,,,,,,,,,,,,,,,
,blaOXA\-212,,,,,,,,,,,,,,,,,
,blaOXA\-213,,,,,,,,,,,,,,,,,
,blaOXA\-214,,,,,,,,,,,,,,,,,
,blaOXA\-215,,,,,,,,,,,,,,,,,
,blaOXA\-216,,,,,,,,,,,,,,,,,
,blaOXA\-217,,,,,,,,,,,,,,,,,
,blaOXA\-219,,,,,,,,,,,,,,,,,
,blaOXA\-22,,,,,,,,,,,,,,,,,
,blaOXA\-223,,,,,,,,,,,,,,,,,
,blaOXA\-224,,,,,,,,,,,,,,,,,
,blaOXA\-225,,,,,,,,,,,,,,,,,
,blaOXA\-226,,,,,,,,,,,,,,,,,
,blaOXA\-228,,,,,,,,,,,,,,,,,
,blaOXA\-229,,,,,,,,,,,,,,,,,
,blaOXA\-23,,,,,,,,,,,,,,,,,
,blaOXA\-230,,,,,,,,,,,,,,,,,
,blaOXA\-231,,,,,,,,,,,,,,,,,
,blaOXA\-232,,,,,,,,,,,,,,,,,
,blaOXA\-233,,,,,,,,,,,,,,,,,
,blaOXA\-234,,,,,,,,,,,,,,,,,
,blaOXA\-235,,,,,,,,,,,,,,,,,
,blaOXA\-236,,,,,,,,,,,,,,,,,
,blaOXA\-237,,,,,,,,,,,,,,,,,
,blaOXA\-239,,,,,,,,,,,,,,,,,
,blaOXA\-24,,,,,,,,,,,,,,,,,
,blaOXA\-240,,,,,,,,,,,,,,,,,
,blaOXA\-241,,,,,,,,,,,,,,,,,
,blaOXA\-242,,,,,,,,,,,,,,,,,
,blaOXA\-243,,,,,,,,,,,,,,,,,
,blaOXA\-244,,,,,,,,,,,,,,,,,
,blaOXA\-245,,,,,,,,,,,,,,,,,
,blaOXA\-246,,,,,,,,,,,,,,,,,
,blaOXA\-247,,,,,,,,,,,,,,,,,
,blaOXA\-248,,,,,,,,,,,,,,,,,
,blaOXA\-249,,,,,,,,,,,,,,,,,
,blaOXA\-25,,,,,,,,,,,,,,,,,
,blaOXA\-250,,,,,,,,,,,,,,,,,
,blaOXA\-251,,,,,,,,,,,,,,,,,
,blaOXA\-252,,,,,,,,,,,,,,,,,
,blaOXA\-253,,,,,,,,,,,,,,,,,
,blaOXA\-254,,,,,,,,,,,,,,,,,
,blaOXA\-255,,,,,,,,,,,,,,,,,
,blaOXA\-256,,,,,,,,,,,,,,,,,
,blaOXA\-257,,,,,,,,,,,,,,,,,
,blaOXA\-258,,,,,,,,,,,,,,,,,
,blaOXA\-259,,,,,,,,,,,,,,,,,
,blaOXA\-26,,,,,,,,,,,,,,,,,
,blaOXA\-260,,,,,,,,,,,,,,,,,
,blaOXA\-261,,,,,,,,,,,,,,,,,
,blaOXA\-262,,,,,,,,,,,,,,,,,
,blaOXA\-263,,,,,,,,,,,,,,,,,
,blaOXA\-264,,,,,,,,,,,,,,,,,
,blaOXA\-265,,,,,,,,,,,,,,,,,
,blaOXA\-266,,,,,,,,,,,,,,,,,
,blaOXA\-267,,,,,,,,,,,,,,,,,
,blaOXA\-268,,,,,,,,,,,,,,,,,
,blaOXA\-269,,,,,,,,,,,,,,,,,
,blaOXA\-27,,,,,,,,,,,,,,,,,
,blaOXA\-270,,,,,,,,,,,,,,,,,
,blaOXA\-271,,,,,,,,,,,,,,,,,
,blaOXA\-272,,,,,,,,,,,,,,,,,
,blaOXA\-273,,,,,,,,,,,,,,,,,
,blaOXA\-274,,,,,,,,,,,,,,,,,
,blaOXA\-275,,,,,,,,,,,,,,,,,
,blaOXA\-276,,,,,,,,,,,,,,,,,
,blaOXA\-277,,,,,,,,,,,,,,,,,
,blaOXA\-278,,,,,,,,,,,,,,,,,
,blaOXA\-279,,,,,,,,,,,,,,,,,
,blaOXA\-28,,,,,,,,,,,,,,,,,
,blaOXA\-280,,,,,,,,,,,,,,,,,
,blaOXA\-281,,,,,,,,,,,,,,,,,
,blaOXA\-282,,,,,,,,,,,,,,,,,
,blaOXA\-283,,,,,,,,,,,,,,,,,
,blaOXA\-284,,,,,,,,,,,,,,,,,
,blaOXA\-285,,,,,,,,,,,,,,,,,
,blaOXA\-286,,,,,,,,,,,,,,,,,
,blaOXA\-287,,,,,,,,,,,,,,,,,
,blaOXA\-288,,,,,,,,,,,,,,,,,
,blaOXA\-29,,,,,,,,,,,,,,,,,
,blaOXA\-291,,,,,,,,,,,,,,,,,
,blaOXA\-292,,,,,,,,,,,,,,,,,
,blaOXA\-293,,,,,,,,,,,,,,,,,
,blaOXA\-294,,,,,,,,,,,,,,,,,
,blaOXA\-295,,,,,,,,,,,,,,,,,
,blaOXA\-296,,,,,,,,,,,,,,,,,
,blaOXA\-297,,,,,,,,,,,,,,,,,
,blaOXA\-298,,,,,,,,,,,,,,,,,
,blaOXA\-299,,,,,,,,,,,,,,,,,
,blaOXA\-3,,,,,,,,,,,,,,,,,
,blaOXA\-300,,,,,,,,,,,,,,,,,
,blaOXA\-301,,,,,,,,,,,,,,,,,
,blaOXA\-302,,,,,,,,,,,,,,,,,
,blaOXA\-303,,,,,,,,,,,,,,,,,
,blaOXA\-304,,,,,,,,,,,,,,,,,
,blaOXA\-305,,,,,,,,,,,,,,,,,
,blaOXA\-306,,,,,,,,,,,,,,,,,
,blaOXA\-307,,,,,,,,,,,,,,,,,
,blaOXA\-308,,,,,,,,,,,,,,,,,
,blaOXA\-309,,,,,,,,,,,,,,,,,
,blaOXA\-31,,,,,,,,,,,,,,,,,
,blaOXA\-312,,,,,,,,,,,,,,,,,
,blaOXA\-313,,,,,,,,,,,,,,,,,
,blaOXA\-314,,,,,,,,,,,,,,,,,
,blaOXA\-315,,,,,,,,,,,,,,,,,
,blaOXA\-316,,,,,,,,,,,,,,,,,
,blaOXA\-317,,,,,,,,,,,,,,,,,
,blaOXA\-32,,,,,,,,,,,,,,,,,
,blaOXA\-320,,,,,,,,,,,,,,,,,
,blaOXA\-322,,,,,,,,,,,,,,,,,
,blaOXA\-323,,,,,,,,,,,,,,,,,
,blaOXA\-324,,,,,,,,,,,,,,,,,
,blaOXA\-325,,,,,,,,,,,,,,,,,
,blaOXA\-326,,,,,,,,,,,,,,,,,
,blaOXA\-327,,,,,,,,,,,,,,,,,
,blaOXA\-328,,,,,,,,,,,,,,,,,
,blaOXA\-329,,,,,,,,,,,,,,,,,
,blaOXA\-330,,,,,,,,,,,,,,,,,
,blaOXA\-331,,,,,,,,,,,,,,,,,
,blaOXA\-332,,,,,,,,,,,,,,,,,
,blaOXA\-333,,,,,,,,,,,,,,,,,
,blaOXA\-334,,,,,,,,,,,,,,,,,
,blaOXA\-335,,,,,,,,,,,,,,,,,
,blaOXA\-336,,,,,,,,,,,,,,,,,
,blaOXA\-337,,,,,,,,,,,,,,,,,
,blaOXA\-338,,,,,,,,,,,,,,,,,
,blaOXA\-339,,,,,,,,,,,,,,,,,
,blaOXA\-340,,,,,,,,,,,,,,,,,
,blaOXA\-341,,,,,,,,,,,,,,,,,
,blaOXA\-342,,,,,,,,,,,,,,,,,
,blaOXA\-343,,,,,,,,,,,,,,,,,
,blaOXA\-344,,,,,,,,,,,,,,,,,
,blaOXA\-345,,,,,,,,,,,,,,,,,
,blaOXA\-346,,,,,,,,,,,,,,,,,
,blaOXA\-347,,,,,,,,,,,,,,,,,
,blaOXA\-348,,,,,,,,,,,,,,,,,
,blaOXA\-349,,,,,,,,,,,,,,,,,
,blaOXA\-35,,,,,,,,,,,,,,,,,
,blaOXA\-350,,,,,,,,,,,,,,,,,
,blaOXA\-351,,,,,,,,,,,,,,,,,
,blaOXA\-352,,,,,,,,,,,,,,,,,
,blaOXA\-353,,,,,,,,,,,,,,,,,
,blaOXA\-354,,,,,,,,,,,,,,,,,
,blaOXA\-355,,,,,,,,,,,,,,,,,
,blaOXA\-356,,,,,,,,,,,,,,,,,
,blaOXA\-357,,,,,,,,,,,,,,,,,
,blaOXA\-358,,,,,,,,,,,,,,,,,
,blaOXA\-359,,,,,,,,,,,,,,,,,
,blaOXA\-360,,,,,,,,,,,,,,,,,
,blaOXA\-361,,,,,,,,,,,,,,,,,
,blaOXA\-362,,,,,,,,,,,,,,,,,
,blaOXA\-363,,,,,,,,,,,,,,,,,
,blaOXA\-364,,,,,,,,,,,,,,,,,
,blaOXA\-365,,,,,,,,,,,,,,,,,
,blaOXA\-366,,,,,,,,,,,,,,,,,
,blaOXA\-368,,,,,,,,,,,,,,,,,
,blaOXA\-37,,,,,,,,,,,,,,,,,
,blaOXA\-370,,,,,,,,,,,,,,,,,
,blaOXA\-371,,,,,,,,,,,,,,,,,
,blaOXA\-372,,,,,,,,,,,,,,,,,
,blaOXA\-373,,,,,,,,,,,,,,,,,
,blaOXA\-374,,,,,,,,,,,,,,,,,
,blaOXA\-375,,,,,,,,,,,,,,,,,
,blaOXA\-376,,,,,,,,,,,,,,,,,
,blaOXA\-377,,,,,,,,,,,,,,,,,
,blaOXA\-378,,,,,,,,,,,,,,,,,
,blaOXA\-379,,,,,,,,,,,,,,,,,
,blaOXA\-380,,,,,,,,,,,,,,,,,
,blaOXA\-381,,,,,,,,,,,,,,,,,
,blaOXA\-382,,,,,,,,,,,,,,,,,
,blaOXA\-383,,,,,,,,,,,,,,,,,
,blaOXA\-384,,,,,,,,,,,,,,,,,
,blaOXA\-385,,,,,,,,,,,,,,,,,
,blaOXA\-386,,,,,,,,,,,,,,,,,
,blaOXA\-387,,,,,,,,,,,,,,,,,
,blaOXA\-388,,,,,,,,,,,,,,,,,
,blaOXA\-389,,,,,,,,,,,,,,,,,
,blaOXA\-390,,,,,,,,,,,,,,,,,
,blaOXA\-391,,,,,,,,,,,,,,,,,
,blaOXA\-392,,,,,,,,,,,,,,,,,
,blaOXA\-395,,,,,,,,,,,,,,,,,
,blaOXA\-396,,,,,,,,,,,,,,,,,
,blaOXA\-397,,,,,,,,,,,,,,,,,
,blaOXA\-398,,,,,,,,,,,,,,,,,
,blaOXA\-4,,,,,,,,,,,,,,,,,
,blaOXA\-400,,,,,,,,,,,,,,,,,
,blaOXA\-401,,,,,,,,,,,,,,,,,
,blaOXA\-402,,,,,,,,,,,,,,,,,
,blaOXA\-403,,,,,,,,,,,,,,,,,
,blaOXA\-404,,,,,,,,,,,,,,,,,
,blaOXA\-405,,,,,,,,,,,,,,,,,
,blaOXA\-406,,,,,,,,,,,,,,,,,
,blaOXA\-407,,,,,,,,,,,,,,,,,
,blaOXA\-408,,,,,,,,,,,,,,,,,
,blaOXA\-409,,,,,,,,,,,,,,,,,
,blaOXA\-411,,,,,,,,,,,,,,,,,
,blaOXA\-412,,,,,,,,,,,,,,,,,
,blaOXA\-413,,,,,,,,,,,,,,,,,
,blaOXA\-414,,,,,,,,,,,,,,,,,
,blaOXA\-415,,,,,,,,,,,,,,,,,
,blaOXA\-416,,,,,,,,,,,,,,,,,
,blaOXA\-417,,,,,,,,,,,,,,,,,
,blaOXA\-418,,,,,,,,,,,,,,,,,
,blaOXA\-42,,,,,,,,,,,,,,,,,
,blaOXA\-420,,,,,,,,,,,,,,,,,
,blaOXA\-421,,,,,,,,,,,,,,,,,
,blaOXA\-422,,,,,,,,,,,,,,,,,
,blaOXA\-423,,,,,,,,,,,,,,,,,
,blaOXA\-424,,,,,,,,,,,,,,,,,
,blaOXA\-425,,,,,,,,,,,,,,,,,
,blaOXA\-426,,,,,,,,,,,,,,,,,
,blaOXA\-427,,,,,,,,,,,,,,,,,
,blaOXA\-429,,,,,,,,,,,,,,,,,
,blaOXA\-43,,,,,,,,,,,,,,,,,
,blaOXA\-430,,,,,,,,,,,,,,,,,
,blaOXA\-431,,,,,,,,,,,,,,,,,
,blaOXA\-432,,,,,,,,,,,,,,,,,
,blaOXA\-433,,,,,,,,,,,,,,,,,
,blaOXA\-435,,,,,,,,,,,,,,,,,
,blaOXA\-436,,,,,,,,,,,,,,,,,
,blaOXA\-437,,,,,,,,,,,,,,,,,
,blaOXA\-438,,,,,,,,,,,,,,,,,
,blaOXA\-439,,,,,,,,,,,,,,,,,
,blaOXA\-440,,,,,,,,,,,,,,,,,
,blaOXA\-441,,,,,,,,,,,,,,,,,
,blaOXA\-442,,,,,,,,,,,,,,,,,
,blaOXA\-443,,,,,,,,,,,,,,,,,
,blaOXA\-444,,,,,,,,,,,,,,,,,
,blaOXA\-446,,,,,,,,,,,,,,,,,
,blaOXA\-447,,,,,,,,,,,,,,,,,
,blaOXA\-448,,,,,,,,,,,,,,,,,
,blaOXA\-449,,,,,,,,,,,,,,,,,
,blaOXA\-45,,,,,,,,,,,,,,,,,
,blaOXA\-450,,,,,,,,,,,,,,,,,
,blaOXA\-451,,,,,,,,,,,,,,,,,
,blaOXA\-452,,,,,,,,,,,,,,,,,
,blaOXA\-453,,,,,,,,,,,,,,,,,
,blaOXA\-454,,,,,,,,,,,,,,,,,
,blaOXA\-455,,,,,,,,,,,,,,,,,
,blaOXA\-457,,,,,,,,,,,,,,,,,
,blaOXA\-458,,,,,,,,,,,,,,,,,
,blaOXA\-459,,,,,,,,,,,,,,,,,
,blaOXA\-46,,,,,,,,,,,,,,,,,
,blaOXA\-460,,,,,,,,,,,,,,,,,
,blaOXA\-461,,,,,,,,,,,,,,,,,
,blaOXA\-464,,,,,,,,,,,,,,,,,
,blaOXA\-465,,,,,,,,,,,,,,,,,
,blaOXA\-466,,,,,,,,,,,,,,,,,
,blaOXA\-47,,,,,,,,,,,,,,,,,
,blaOXA\-470,,,,,,,,,,,,,,,,,
,blaOXA\-471,,,,,,,,,,,,,,,,,
,blaOXA\-472,,,,,,,,,,,,,,,,,
,blaOXA\-473,,,,,,,,,,,,,,,,,
,blaOXA\-474,,,,,,,,,,,,,,,,,
,blaOXA\-475,,,,,,,,,,,,,,,,,
,blaOXA\-476,,,,,,,,,,,,,,,,,
,blaOXA\-477,,,,,,,,,,,,,,,,,
,blaOXA\-478,,,,,,,,,,,,,,,,,
,blaOXA\-479,,,,,,,,,,,,,,,,,
,blaOXA\-48,,,,,,,,,,,,,,,,,
,blaOXA\-480,,,,,,,,,,,,,,,,,
,blaOXA\-482,,,,,,,,,,,,,,,,,
,blaOXA\-483,,,,,,,,,,,,,,,,,
,blaOXA\-484,,,,,,,,,,,,,,,,,
,blaOXA\-485,,,,,,,,,,,,,,,,,
,blaOXA\-486,,,,,,,,,,,,,,,,,
,blaOXA\-488,,,,,,,,,,,,,,,,,
,blaOXA\-489,,,,,,,,,,,,,,,,,
,blaOXA\-49,,,,,,,,,,,,,,,,,
,blaOXA\-491,,,,,,,,,,,,,,,,,
,blaOXA\-493,,,,,,,,,,,,,,,,,
,blaOXA\-494,,,,,,,,,,,,,,,,,
,blaOXA\-496,,,,,,,,,,,,,,,,,
,blaOXA\-497,,,,,,,,,,,,,,,,,
,blaOXA\-499,,,,,,,,,,,,,,,,,
,blaOXA\-5,,,,,,,,,,,,,,,,,
,blaOXA\-50,,,,,,,,,,,,,,,,,
,blaOXA\-500,,,,,,,,,,,,,,,,,
,blaOXA\-501,,,,,,,,,,,,,,,,,
,blaOXA\-502,,,,,,,,,,,,,,,,,
,blaOXA\-503,,,,,,,,,,,,,,,,,
,blaOXA\-504,,,,,,,,,,,,,,,,,
,blaOXA\-505,,,,,,,,,,,,,,,,,
,blaOXA\-506,,,,,,,,,,,,,,,,,
,blaOXA\-507,,,,,,,,,,,,,,,,,
,blaOXA\-508,,,,,,,,,,,,,,,,,
,blaOXA\-509,,,,,,,,,,,,,,,,,
,blaOXA\-51,,,,,,,,,,,,,,,,,
,blaOXA\-510,,,,,,,,,,,,,,,,,
,blaOXA\-511,,,,,,,,,,,,,,,,,
,blaOXA\-512,,,,,,,,,,,,,,,,,
,blaOXA\-513,,,,,,,,,,,,,,,,,
,blaOXA\-514,,,,,,,,,,,,,,,,,
,blaOXA\-515,,,,,,,,,,,,,,,,,
,blaOXA\-516,,,,,,,,,,,,,,,,,
,blaOXA\-517,,,,,,,,,,,,,,,,,
,blaOXA\-518,,,,,,,,,,,,,,,,,
,blaOXA\-519,,,,,,,,,,,,,,,,,
,blaOXA\-520,,,,,,,,,,,,,,,,,
,blaOXA\-521,,,,,,,,,,,,,,,,,
,blaOXA\-522,,,,,,,,,,,,,,,,,
,blaOXA\-523,,,,,,,,,,,,,,,,,
,blaOXA\-524,,,,,,,,,,,,,,,,,
,blaOXA\-525,,,,,,,,,,,,,,,,,
,blaOXA\-526,,,,,,,,,,,,,,,,,
,blaOXA\-527,,,,,,,,,,,,,,,,,
,blaOXA\-528,,,,,,,,,,,,,,,,,
,blaOXA\-529,,,,,,,,,,,,,,,,,
,blaOXA\-53,,,,,,,,,,,,,,,,,
,blaOXA\-530,,,,,,,,,,,,,,,,,
,blaOXA\-531,,,,,,,,,,,,,,,,,
,blaOXA\-532,,,,,,,,,,,,,,,,,
,blaOXA\-533,,,,,,,,,,,,,,,,,
,blaOXA\-534,,,,,,,,,,,,,,,,,
,blaOXA\-535,,,,,,,,,,,,,,,,,
,blaOXA\-536,,,,,,,,,,,,,,,,,
,blaOXA\-537,,,,,,,,,,,,,,,,,
,blaOXA\-538,,,,,,,,,,,,,,,,,
,blaOXA\-539,,,,,,,,,,,,,,,,,
,blaOXA\-54,,,,,,,,,,,,,,,,,
,blaOXA\-540,,,,,,,,,,,,,,,,,
,blaOXA\-541,,,,,,,,,,,,,,,,,
,blaOXA\-542,,,,,,,,,,,,,,,,,
,blaOXA\-545,,,,,,,,,,,,,,,,,
,blaOXA\-546,,,,,,,,,,,,,,,,,
,blaOXA\-547,,,,,,,,,,,,,,,,,
,blaOXA\-548,,,,,,,,,,,,,,,,,
,blaOXA\-549,,,,,,,,,,,,,,,,,
,blaOXA\-55,,,,,,,,,,,,,,,,,
,blaOXA\-550,,,,,,,,,,,,,,,,,
,blaOXA\-551,,,,,,,,,,,,,,,,,
,blaOXA\-552,,,,,,,,,,,,,,,,,
,blaOXA\-553,,,,,,,,,,,,,,,,,
,blaOXA\-554,,,,,,,,,,,,,,,,,
,blaOXA\-555,,,,,,,,,,,,,,,,,
,blaOXA\-556,,,,,,,,,,,,,,,,,
,blaOXA\-557,,,,,,,,,,,,,,,,,
,blaOXA\-558,,,,,,,,,,,,,,,,,
,blaOXA\-559,,,,,,,,,,,,,,,,,
,blaOXA\-56,,,,,,,,,,,,,,,,,
,blaOXA\-560,,,,,,,,,,,,,,,,,
,blaOXA\-561,,,,,,,,,,,,,,,,,
,blaOXA\-562,,,,,,,,,,,,,,,,,
,blaOXA\-563,,,,,,,,,,,,,,,,,
,blaOXA\-564,,,,,,,,,,,,,,,,,
,blaOXA\-565,,,,,,,,,,,,,,,,,
,blaOXA\-566,,,,,,,,,,,,,,,,,
,blaOXA\-567,,,,,,,,,,,,,,,,,
,blaOXA\-568,,,,,,,,,,,,,,,,,
,blaOXA\-569,,,,,,,,,,,,,,,,,
,blaOXA\-57,,,,,,,,,,,,,,,,,
,blaOXA\-570,,,,,,,,,,,,,,,,,
,blaOXA\-571,,,,,,,,,,,,,,,,,
,blaOXA\-572,,,,,,,,,,,,,,,,,
,blaOXA\-573,,,,,,,,,,,,,,,,,
,blaOXA\-574,,,,,,,,,,,,,,,,,
,blaOXA\-575,,,,,,,,,,,,,,,,,
,blaOXA\-576,,,,,,,,,,,,,,,,,
,blaOXA\-577,,,,,,,,,,,,,,,,,
,blaOXA\-578,,,,,,,,,,,,,,,,,
,blaOXA\-579,,,,,,,,,,,,,,,,,
,blaOXA\-58,,,,,,,,,,,,,,,,,
,blaOXA\-580,,,,,,,,,,,,,,,,,
,blaOXA\-581,,,,,,,,,,,,,,,,,
,blaOXA\-582,,,,,,,,,,,,,,,,,
,blaOXA\-583,,,,,,,,,,,,,,,,,
,blaOXA\-584,,,,,,,,,,,,,,,,,
,blaOXA\-585,,,,,,,,,,,,,,,,,
,blaOXA\-586,,,,,,,,,,,,,,,,,
,blaOXA\-587,,,,,,,,,,,,,,,,,
,blaOXA\-588,,,,,,,,,,,,,,,,,
,blaOXA\-589,,,,,,,,,,,,,,,,,
,blaOXA\-59,,,,,,,,,,,,,,,,,
,blaOXA\-590,,,,,,,,,,,,,,,,,
,blaOXA\-591,,,,,,,,,,,,,,,,,
,blaOXA\-592,,,,,,,,,,,,,,,,,
,blaOXA\-593,,,,,,,,,,,,,,,,,
,blaOXA\-594,,,,,,,,,,,,,,,,,
,blaOXA\-595,,,,,,,,,,,,,,,,,
,blaOXA\-596,,,,,,,,,,,,,,,,,
,blaOXA\-597,,,,,,,,,,,,,,,,,
,blaOXA\-598,,,,,,,,,,,,,,,,,
,blaOXA\-599,,,,,,,,,,,,,,,,,
,blaOXA\-60,,,,,,,,,,,,,,,,,
,blaOXA\-600,,,,,,,,,,,,,,,,,
,blaOXA\-601,,,,,,,,,,,,,,,,,
,blaOXA\-602,,,,,,,,,,,,,,,,,
,blaOXA\-603,,,,,,,,,,,,,,,,,
,blaOXA\-604,,,,,,,,,,,,,,,,,
,blaOXA\-605,,,,,,,,,,,,,,,,,
,blaOXA\-606,,,,,,,,,,,,,,,,,
,blaOXA\-607,,,,,,,,,,,,,,,,,
,blaOXA\-608,,,,,,,,,,,,,,,,,
,blaOXA\-609,,,,,,,,,,,,,,,,,
,blaOXA\-61,,,,,,,,,,,,,,,,,
,blaOXA\-610,,,,,,,,,,,,,,,,,
,blaOXA\-611,,,,,,,,,,,,,,,,,
,blaOXA\-612,,,,,,,,,,,,,,,,,
,blaOXA\-613,,,,,,,,,,,,,,,,,
,blaOXA\-614,,,,,,,,,,,,,,,,,
,blaOXA\-615,,,,,,,,,,,,,,,,,
,blaOXA\-616,,,,,,,,,,,,,,,,,
,blaOXA\-617,,,,,,,,,,,,,,,,,
,blaOXA\-618,,,,,,,,,,,,,,,,,
,blaOXA\-619,,,,,,,,,,,,,,,,,
,blaOXA\-62,,,,,,,,,,,,,,,,,
,blaOXA\-620,,,,,,,,,,,,,,,,,
,blaOXA\-621,,,,,,,,,,,,,,,,,
,blaOXA\-622,,,,,,,,,,,,,,,,,
,blaOXA\-623,,,,,,,,,,,,,,,,,
,blaOXA\-624,,,,,,,,,,,,,,,,,
,blaOXA\-625,,,,,,,,,,,,,,,,,
,blaOXA\-626,,,,,,,,,,,,,,,,,
,blaOXA\-627,,,,,,,,,,,,,,,,,
,blaOXA\-628,,,,,,,,,,,,,,,,,
,blaOXA\-629,,,,,,,,,,,,,,,,,
,blaOXA\-63,,,,,,,,,,,,,,,,,
,blaOXA\-630,,,,,,,,,,,,,,,,,
,blaOXA\-631,,,,,,,,,,,,,,,,,
,blaOXA\-632,,,,,,,,,,,,,,,,,
,blaOXA\-633,,,,,,,,,,,,,,,,,
,blaOXA\-634,,,,,,,,,,,,,,,,,
,blaOXA\-635,,,,,,,,,,,,,,,,,
,blaOXA\-636,,,,,,,,,,,,,,,,,
,blaOXA\-637,,,,,,,,,,,,,,,,,
,blaOXA\-638,,,,,,,,,,,,,,,,,
,blaOXA\-639,,,,,,,,,,,,,,,,,
,blaOXA\-64,,,,,,,,,,,,,,,,,
,blaOXA\-640,,,,,,,,,,,,,,,,,
,blaOXA\-641,,,,,,,,,,,,,,,,,
,blaOXA\-642,,,,,,,,,,,,,,,,,
,blaOXA\-649,,,,,,,,,,,,,,,,,
,blaOXA\-65,,,,,,,,,,,,,,,,,
,blaOXA\-651,,,,,,,,,,,,,,,,,
,blaOXA\-652,,,,,,,,,,,,,,,,,
,blaOXA\-654,,,,,,,,,,,,,,,,,
,blaOXA\-655,,,,,,,,,,,,,,,,,
,blaOXA\-656,,,,,,,,,,,,,,,,,
,blaOXA\-657,,,,,,,,,,,,,,,,,
,blaOXA\-658,,,,,,,,,,,,,,,,,
,blaOXA\-659,,,,,,,,,,,,,,,,,
,blaOXA\-66,,,,,,,,,,,,,,,,,
,blaOXA\-660,,,,,,,,,,,,,,,,,
,blaOXA\-661,,,,,,,,,,,,,,,,,
,blaOXA\-662,,,,,,,,,,,,,,,,,
,blaOXA\-663,,,,,,,,,,,,,,,,,
,blaOXA\-664,,,,,,,,,,,,,,,,,
,blaOXA\-665,,,,,,,,,,,,,,,,,
,blaOXA\-666,,,,,,,,,,,,,,,,,
,blaOXA\-667,,,,,,,,,,,,,,,,,
,blaOXA\-668,,,,,,,,,,,,,,,,,
,blaOXA\-669,,,,,,,,,,,,,,,,,
,blaOXA\-67,,,,,,,,,,,,,,,,,
,blaOXA\-670,,,,,,,,,,,,,,,,,
,blaOXA\-671,,,,,,,,,,,,,,,,,
,blaOXA\-672,,,,,,,,,,,,,,,,,
,blaOXA\-673,,,,,,,,,,,,,,,,,
,blaOXA\-674,,,,,,,,,,,,,,,,,
,blaOXA\-675,,,,,,,,,,,,,,,,,
,blaOXA\-676,,,,,,,,,,,,,,,,,
,blaOXA\-677,,,,,,,,,,,,,,,,,
,blaOXA\-678,,,,,,,,,,,,,,,,,
,blaOXA\-679,,,,,,,,,,,,,,,,,
,blaOXA\-68,,,,,,,,,,,,,,,,,
,blaOXA\-680,,,,,,,,,,,,,,,,,
,blaOXA\-681,,,,,,,,,,,,,,,,,
,blaOXA\-682,,,,,,,,,,,,,,,,,
,blaOXA\-683,,,,,,,,,,,,,,,,,
,blaOXA\-684,,,,,,,,,,,,,,,,,
,blaOXA\-685,,,,,,,,,,,,,,,,,
,blaOXA\-686,,,,,,,,,,,,,,,,,
,blaOXA\-687,,,,,,,,,,,,,,,,,
,blaOXA\-688,,,,,,,,,,,,,,,,,
,blaOXA\-689,,,,,,,,,,,,,,,,,
,blaOXA\-69,,,,,,,,,,,,,,,,,
,blaOXA\-690,,,,,,,,,,,,,,,,,
,blaOXA\-691,,,,,,,,,,,,,,,,,
,blaOXA\-692,,,,,,,,,,,,,,,,,
,blaOXA\-693,,,,,,,,,,,,,,,,,
,blaOXA\-694,,,,,,,,,,,,,,,,,
,blaOXA\-695,,,,,,,,,,,,,,,,,
,blaOXA\-696,,,,,,,,,,,,,,,,,
,blaOXA\-697,,,,,,,,,,,,,,,,,
,blaOXA\-698,,,,,,,,,,,,,,,,,
,blaOXA\-699,,,,,,,,,,,,,,,,,
,blaOXA\-7,,,,,,,,,,,,,,,,,
,blaOXA\-70,,,,,,,,,,,,,,,,,
,blaOXA\-700,,,,,,,,,,,,,,,,,
,blaOXA\-701,,,,,,,,,,,,,,,,,
,blaOXA\-702,,,,,,,,,,,,,,,,,
,blaOXA\-703,,,,,,,,,,,,,,,,,
,blaOXA\-704,,,,,,,,,,,,,,,,,
,blaOXA\-705,,,,,,,,,,,,,,,,,
,blaOXA\-706,,,,,,,,,,,,,,,,,
,blaOXA\-707,,,,,,,,,,,,,,,,,
,blaOXA\-708,,,,,,,,,,,,,,,,,
,blaOXA\-709,,,,,,,,,,,,,,,,,
,blaOXA\-71,,,,,,,,,,,,,,,,,
,blaOXA\-710,,,,,,,,,,,,,,,,,
,blaOXA\-711,,,,,,,,,,,,,,,,,
,blaOXA\-712,,,,,,,,,,,,,,,,,
,blaOXA\-713,,,,,,,,,,,,,,,,,
,blaOXA\-714,,,,,,,,,,,,,,,,,
,blaOXA\-715,,,,,,,,,,,,,,,,,
,blaOXA\-716,,,,,,,,,,,,,,,,,
,blaOXA\-717,,,,,,,,,,,,,,,,,
,blaOXA\-718,,,,,,,,,,,,,,,,,
,blaOXA\-719,,,,,,,,,,,,,,,,,
,blaOXA\-72,,,,,,,,,,,,,,,,,
,blaOXA\-720,,,,,,,,,,,,,,,,,
,blaOXA\-721,,,,,,,,,,,,,,,,,
,blaOXA\-722,,,,,,,,,,,,,,,,,
,blaOXA\-723,,,,,,,,,,,,,,,,,
,blaOXA\-724,,,,,,,,,,,,,,,,,
,blaOXA\-725,,,,,,,,,,,,,,,,,
,blaOXA\-726,,,,,,,,,,,,,,,,,
,blaOXA\-729,,,,,,,,,,,,,,,,,
,blaOXA\-73,,,,,,,,,,,,,,,,,
,blaOXA\-730,,,,,,,,,,,,,,,,,
,blaOXA\-732,,,,,,,,,,,,,,,,,
,blaOXA\-733,,,,,,,,,,,,,,,,,
,blaOXA\-734,,,,,,,,,,,,,,,,,
,blaOXA\-735,,,,,,,,,,,,,,,,,
,blaOXA\-736,,,,,,,,,,,,,,,,,
,blaOXA\-737,,,,,,,,,,,,,,,,,
,blaOXA\-738,,,,,,,,,,,,,,,,,
,blaOXA\-739,,,,,,,,,,,,,,,,,
,blaOXA\-74,,,,,,,,,,,,,,,,,
,blaOXA\-740,,,,,,,,,,,,,,,,,
,blaOXA\-741,,,,,,,,,,,,,,,,,
,blaOXA\-742,,,,,,,,,,,,,,,,,
,blaOXA\-743,,,,,,,,,,,,,,,,,
,blaOXA\-744,,,,,,,,,,,,,,,,,
,blaOXA\-745,,,,,,,,,,,,,,,,,
,blaOXA\-746,,,,,,,,,,,,,,,,,
,blaOXA\-747,,,,,,,,,,,,,,,,,
,blaOXA\-748,,,,,,,,,,,,,,,,,
,blaOXA\-749,,,,,,,,,,,,,,,,,
,blaOXA\-75,,,,,,,,,,,,,,,,,
,blaOXA\-750,,,,,,,,,,,,,,,,,
,blaOXA\-751,,,,,,,,,,,,,,,,,
,blaOXA\-752,,,,,,,,,,,,,,,,,
,blaOXA\-753,,,,,,,,,,,,,,,,,
,blaOXA\-754,,,,,,,,,,,,,,,,,
,blaOXA\-755,,,,,,,,,,,,,,,,,
,blaOXA\-756,,,,,,,,,,,,,,,,,
,blaOXA\-757,,,,,,,,,,,,,,,,,
,blaOXA\-758,,,,,,,,,,,,,,,,,
,blaOXA\-759,,,,,,,,,,,,,,,,,
,blaOXA\-76,,,,,,,,,,,,,,,,,
,blaOXA\-760,,,,,,,,,,,,,,,,,
,blaOXA\-761,,,,,,,,,,,,,,,,,
,blaOXA\-762,,,,,,,,,,,,,,,,,
,blaOXA\-763,,,,,,,,,,,,,,,,,
,blaOXA\-764,,,,,,,,,,,,,,,,,
,blaOXA\-765,,,,,,,,,,,,,,,,,
,blaOXA\-766,,,,,,,,,,,,,,,,,
,blaOXA\-767,,,,,,,,,,,,,,,,,
,blaOXA\-768,,,,,,,,,,,,,,,,,
,blaOXA\-769,,,,,,,,,,,,,,,,,
,blaOXA\-77,,,,,,,,,,,,,,,,,
,blaOXA\-770,,,,,,,,,,,,,,,,,
,blaOXA\-771,,,,,,,,,,,,,,,,,
,blaOXA\-772,,,,,,,,,,,,,,,,,
,blaOXA\-773,,,,,,,,,,,,,,,,,
,blaOXA\-774,,,,,,,,,,,,,,,,,
,blaOXA\-775,,,,,,,,,,,,,,,,,
,blaOXA\-776,,,,,,,,,,,,,,,,,
,blaOXA\-777,,,,,,,,,,,,,,,,,
,blaOXA\-778,,,,,,,,,,,,,,,,,
,blaOXA\-779,,,,,,,,,,,,,,,,,
,blaOXA\-78,,,,,,,,,,,,,,,,,
,blaOXA\-780,,,,,,,,,,,,,,,,,
,blaOXA\-781,,,,,,,,,,,,,,,,,
,blaOXA\-782,,,,,,,,,,,,,,,,,
,blaOXA\-783,,,,,,,,,,,,,,,,,
,blaOXA\-784,,,,,,,,,,,,,,,,,
,blaOXA\-785,,,,,,,,,,,,,,,,,
,blaOXA\-786,,,,,,,,,,,,,,,,,
,blaOXA\-787,,,,,,,,,,,,,,,,,
,blaOXA\-788,,,,,,,,,,,,,,,,,
,blaOXA\-789,,,,,,,,,,,,,,,,,
,blaOXA\-79,,,,,,,,,,,,,,,,,
,blaOXA\-793,,,,,,,,,,,,,,,,,
,blaOXA\-794,,,,,,,,,,,,,,,,,
,blaOXA\-795,,,,,,,,,,,,,,,,,
,blaOXA\-796,,,,,,,,,,,,,,,,,
,blaOXA\-797,,,,,,,,,,,,,,,,,
,blaOXA\-798,,,,,,,,,,,,,,,,,
,blaOXA\-799,,,,,,,,,,,,,,,,,
,blaOXA\-80,,,,,,,,,,,,,,,,,
,blaOXA\-800,,,,,,,,,,,,,,,,,
,blaOXA\-801,,,,,,,,,,,,,,,,,
,blaOXA\-802,,,,,,,,,,,,,,,,,
,blaOXA\-803,,,,,,,,,,,,,,,,,
,blaOXA\-804,,,,,,,,,,,,,,,,,
,blaOXA\-805,,,,,,,,,,,,,,,,,
,blaOXA\-806,,,,,,,,,,,,,,,,,
,blaOXA\-807,,,,,,,,,,,,,,,,,
,blaOXA\-808,,,,,,,,,,,,,,,,,
,blaOXA\-809,,,,,,,,,,,,,,,,,
,blaOXA\-810,,,,,,,,,,,,,,,,,
,blaOXA\-811,,,,,,,,,,,,,,,,,
,blaOXA\-812,,,,,,,,,,,,,,,,,
,blaOXA\-813,,,,,,,,,,,,,,,,,
,blaOXA\-814,,,,,,,,,,,,,,,,,
,blaOXA\-815,,,,,,,,,,,,,,,,,
,blaOXA\-816,,,,,,,,,,,,,,,,,
,blaOXA\-817,,,,,,,,,,,,,,,,,
,blaOXA\-818,,,,,,,,,,,,,,,,,
,blaOXA\-819,,,,,,,,,,,,,,,,,
,blaOXA\-82,,,,,,,,,,,,,,,,,
,blaOXA\-820,,,,,,,,,,,,,,,,,
,blaOXA\-821,,,,,,,,,,,,,,,,,
,blaOXA\-823,,,,,,,,,,,,,,,,,
,blaOXA\-824,,,,,,,,,,,,,,,,,
,blaOXA\-83,,,,,,,,,,,,,,,,,
,blaOXA\-84,,,,,,,,,,,,,,,,,
,blaOXA\-85,,,,,,,,,,,,,,,,,
,blaOXA\-86,,,,,,,,,,,,,,,,,
,blaOXA\-87,,,,,,,,,,,,,,,,,
,blaOXA\-88,,,,,,,,,,,,,,,,,
,blaOXA\-89,,,,,,,,,,,,,,,,,
,blaOXA\-9,,,,,,,,,,,,,,,,,
,blaOXA\-90,,,,,,,,,,,,,,,,,
,blaOXA\-91,,,,,,,,,,,,,,,,,
,blaOXA\-92,,,,,,,,,,,,,,,,,
,blaOXA\-93,,,,,,,,,,,,,,,,,
,blaOXA\-94,,,,,,,,,,,,,,,,,
,blaOXA\-95,,,,,,,,,,,,,,,,,
,blaOXA\-96,,,,,,,,,,,,,,,,,
,blaOXA\-97,,,,,,,,,,,,,,,,,
,blaOXA\-98,,,,,,,,,,,,,,,,,
,blaOXA\-99,,,,,,,,,,,,,,,,,
,blaOXY\-1\-1,,,,,,,,,,,,,,,,,
,blaOXY\-1\-2,,,,,,,,,,,,,,,,,
,blaOXY\-1\-3,,,,,,,,,,,,,,,,,
,blaOXY\-1\-4,,,,,,,,,,,,,,,,,
,blaOXY\-1\-6,,,,,,,,,,,,,,,,,
,blaOXY\-2\-1,,,,,,,,,,,,,,,,,
,blaOXY\-2\-10,,,,,,,,,,,,,,,,,
,blaOXY\-2\-11,,,,,,,,,,,,,,,,,
,blaOXY\-2\-12,,,,,,,,,,,,,,,,,
,blaOXY\-2\-13,,,,,,,,,,,,,,,,,
,blaOXY\-2\-14,,,,,,,,,,,,,,,,,
,blaOXY\-2\-15,,,,,,,,,,,,,,,,,
,blaOXY\-2\-2,,,,,,,,,,,,,,,,,
,blaOXY\-2\-3,,,,,,,,,,,,,,,,,
,blaOXY\-2\-4,,,,,,,,,,,,,,,,,
,blaOXY\-2\-5,,,,,,,,,,,,,,,,,
,blaOXY\-2\-6,,,,,,,,,,,,,,,,,
,blaOXY\-2\-7,,,,,,,,,,,,,,,,,
,blaOXY\-2\-8,,,,,,,,,,,,,,,,,
,blaOXY\-2\-9,,,,,,,,,,,,,,,,,
,blaOXY\-3\-1,,,,,,,,,,,,,,,,,
,blaOXY\-4\-1,,,,,,,,,,,,,,,,,
,blaOXY\-5\-1,,,,,,,,,,,,,,,,,
,blaOXY\-5\-2,,,,,,,,,,,,,,,,,
,blaOXY\-6\-1,,,,,,,,,,,,,,,,,
,blaOXY\-6\-2,,,,,,,,,,,,,,,,,
,blaOXY\-6\-3,,,,,,,,,,,,,,,,,
,blaOXY\-6\-4,,,,,,,,,,,,,,,,,
,blaPAC\-1,,,,,,,,,,,,,,,,,
,blaPDC\-1,,,,,,,,,,,,,,,,,
,blaPDC\-10,,,,,,,,,,,,,,,,,
,blaPDC\-100,,,,,,,,,,,,,,,,,
,blaPDC\-101,,,,,,,,,,,,,,,,,
,blaPDC\-102,,,,,,,,,,,,,,,,,
,blaPDC\-103,,,,,,,,,,,,,,,,,
,blaPDC\-104,,,,,,,,,,,,,,,,,
,blaPDC\-105,,,,,,,,,,,,,,,,,
,blaPDC\-106,,,,,,,,,,,,,,,,,
,blaPDC\-107,,,,,,,,,,,,,,,,,
,blaPDC\-108,,,,,,,,,,,,,,,,,
,blaPDC\-109,,,,,,,,,,,,,,,,,
,blaPDC\-11,,,,,,,,,,,,,,,,,
,blaPDC\-110,,,,,,,,,,,,,,,,,
,blaPDC\-111,,,,,,,,,,,,,,,,,
,blaPDC\-112,,,,,,,,,,,,,,,,,
,blaPDC\-113,,,,,,,,,,,,,,,,,
,blaPDC\-114,,,,,,,,,,,,,,,,,
,blaPDC\-115,,,,,,,,,,,,,,,,,
,blaPDC\-116,,,,,,,,,,,,,,,,,
,blaPDC\-117,,,,,,,,,,,,,,,,,
,blaPDC\-118,,,,,,,,,,,,,,,,,
,blaPDC\-119,,,,,,,,,,,,,,,,,
,blaPDC\-12,,,,,,,,,,,,,,,,,
,blaPDC\-120,,,,,,,,,,,,,,,,,
,blaPDC\-121,,,,,,,,,,,,,,,,,
,blaPDC\-122,,,,,,,,,,,,,,,,,
,blaPDC\-123,,,,,,,,,,,,,,,,,
,blaPDC\-124,,,,,,,,,,,,,,,,,
,blaPDC\-125,,,,,,,,,,,,,,,,,
,blaPDC\-126,,,,,,,,,,,,,,,,,
,blaPDC\-127,,,,,,,,,,,,,,,,,
,blaPDC\-128,,,,,,,,,,,,,,,,,
,blaPDC\-129,,,,,,,,,,,,,,,,,
,blaPDC\-13,,,,,,,,,,,,,,,,,
,blaPDC\-130,,,,,,,,,,,,,,,,,
,blaPDC\-131,,,,,,,,,,,,,,,,,
,blaPDC\-132,,,,,,,,,,,,,,,,,
,blaPDC\-133,,,,,,,,,,,,,,,,,
,blaPDC\-134,,,,,,,,,,,,,,,,,
,blaPDC\-135,,,,,,,,,,,,,,,,,
,blaPDC\-136,,,,,,,,,,,,,,,,,
,blaPDC\-137,,,,,,,,,,,,,,,,,
,blaPDC\-138,,,,,,,,,,,,,,,,,
,blaPDC\-139,,,,,,,,,,,,,,,,,
,blaPDC\-14,,,,,,,,,,,,,,,,,
,blaPDC\-140,,,,,,,,,,,,,,,,,
,blaPDC\-141,,,,,,,,,,,,,,,,,
,blaPDC\-142,,,,,,,,,,,,,,,,,
,blaPDC\-143,,,,,,,,,,,,,,,,,
,blaPDC\-144,,,,,,,,,,,,,,,,,
,blaPDC\-145,,,,,,,,,,,,,,,,,
,blaPDC\-146,,,,,,,,,,,,,,,,,
,blaPDC\-147,,,,,,,,,,,,,,,,,
,blaPDC\-148,,,,,,,,,,,,,,,,,
,blaPDC\-149,,,,,,,,,,,,,,,,,
,blaPDC\-15,,,,,,,,,,,,,,,,,
,blaPDC\-150,,,,,,,,,,,,,,,,,
,blaPDC\-151,,,,,,,,,,,,,,,,,
,blaPDC\-152,,,,,,,,,,,,,,,,,
,blaPDC\-153,,,,,,,,,,,,,,,,,
,blaPDC\-154,,,,,,,,,,,,,,,,,
,blaPDC\-155,,,,,,,,,,,,,,,,,
,blaPDC\-156,,,,,,,,,,,,,,,,,
,blaPDC\-157,,,,,,,,,,,,,,,,,
,blaPDC\-158,,,,,,,,,,,,,,,,,
,blaPDC\-159,,,,,,,,,,,,,,,,,
,blaPDC\-16,,,,,,,,,,,,,,,,,
,blaPDC\-160,,,,,,,,,,,,,,,,,
,blaPDC\-161,,,,,,,,,,,,,,,,,
,blaPDC\-162,,,,,,,,,,,,,,,,,
,blaPDC\-163,,,,,,,,,,,,,,,,,
,blaPDC\-164,,,,,,,,,,,,,,,,,
,blaPDC\-165,,,,,,,,,,,,,,,,,
,blaPDC\-166,,,,,,,,,,,,,,,,,
,blaPDC\-167,,,,,,,,,,,,,,,,,
,blaPDC\-168,,,,,,,,,,,,,,,,,
,blaPDC\-169,,,,,,,,,,,,,,,,,
,blaPDC\-17,,,,,,,,,,,,,,,,,
,blaPDC\-170,,,,,,,,,,,,,,,,,
,blaPDC\-171,,,,,,,,,,,,,,,,,
,blaPDC\-172,,,,,,,,,,,,,,,,,
,blaPDC\-173,,,,,,,,,,,,,,,,,
,blaPDC\-174,,,,,,,,,,,,,,,,,
,blaPDC\-175,,,,,,,,,,,,,,,,,
,blaPDC\-176,,,,,,,,,,,,,,,,,
,blaPDC\-177,,,,,,,,,,,,,,,,,
,blaPDC\-178,,,,,,,,,,,,,,,,,
,blaPDC\-179,,,,,,,,,,,,,,,,,
,blaPDC\-18,,,,,,,,,,,,,,,,,
,blaPDC\-180,,,,,,,,,,,,,,,,,
,blaPDC\-181,,,,,,,,,,,,,,,,,
,blaPDC\-182,,,,,,,,,,,,,,,,,
,blaPDC\-183,,,,,,,,,,,,,,,,,
,blaPDC\-184,,,,,,,,,,,,,,,,,
,blaPDC\-185,,,,,,,,,,,,,,,,,
,blaPDC\-186,,,,,,,,,,,,,,,,,
,blaPDC\-187,,,,,,,,,,,,,,,,,
,blaPDC\-188,,,,,,,,,,,,,,,,,
,blaPDC\-189,,,,,,,,,,,,,,,,,
,blaPDC\-190,,,,,,,,,,,,,,,,,
,blaPDC\-191,,,,,,,,,,,,,,,,,
,blaPDC\-192,,,,,,,,,,,,,,,,,
,blaPDC\-193,,,,,,,,,,,,,,,,,
,blaPDC\-194,,,,,,,,,,,,,,,,,
,blaPDC\-195,,,,,,,,,,,,,,,,,
,blaPDC\-197,,,,,,,,,,,,,,,,,
,blaPDC\-198,,,,,,,,,,,,,,,,,
,blaPDC\-199,,,,,,,,,,,,,,,,,
,blaPDC\-19a,,,,,,,,,,,,,,,,,
,blaPDC\-19b,,,,,,,,,,,,,,,,,
,blaPDC\-2,,,,,,,,,,,,,,,,,
,blaPDC\-20,,,,,,,,,,,,,,,,,
,blaPDC\-200,,,,,,,,,,,,,,,,,
,blaPDC\-201,,,,,,,,,,,,,,,,,
,blaPDC\-202,,,,,,,,,,,,,,,,,
,blaPDC\-203,,,,,,,,,,,,,,,,,
,blaPDC\-204,,,,,,,,,,,,,,,,,
,blaPDC\-205,,,,,,,,,,,,,,,,,
,blaPDC\-206,,,,,,,,,,,,,,,,,
,blaPDC\-207,,,,,,,,,,,,,,,,,
,blaPDC\-208,,,,,,,,,,,,,,,,,
,blaPDC\-209,,,,,,,,,,,,,,,,,
,blaPDC\-210,,,,,,,,,,,,,,,,,
,blaPDC\-211,,,,,,,,,,,,,,,,,
,blaPDC\-212,,,,,,,,,,,,,,,,,
,blaPDC\-213,,,,,,,,,,,,,,,,,
,blaPDC\-214,,,,,,,,,,,,,,,,,
,blaPDC\-215,,,,,,,,,,,,,,,,,
,blaPDC\-216,,,,,,,,,,,,,,,,,
,blaPDC\-217,,,,,,,,,,,,,,,,,
,blaPDC\-218,,,,,,,,,,,,,,,,,
,blaPDC\-219,,,,,,,,,,,,,,,,,
,blaPDC\-21a,,,,,,,,,,,,,,,,,
,blaPDC\-21b,,,,,,,,,,,,,,,,,
,blaPDC\-22,,,,,,,,,,,,,,,,,
,blaPDC\-220,,,,,,,,,,,,,,,,,
,blaPDC\-221,,,,,,,,,,,,,,,,,
,blaPDC\-222,,,,,,,,,,,,,,,,,
,blaPDC\-223,,,,,,,,,,,,,,,,,
,blaPDC\-224,,,,,,,,,,,,,,,,,
,blaPDC\-225,,,,,,,,,,,,,,,,,
,blaPDC\-226,,,,,,,,,,,,,,,,,
,blaPDC\-227,,,,,,,,,,,,,,,,,
,blaPDC\-228,,,,,,,,,,,,,,,,,
,blaPDC\-229,,,,,,,,,,,,,,,,,
,blaPDC\-23,,,,,,,,,,,,,,,,,
,blaPDC\-230,,,,,,,,,,,,,,,,,
,blaPDC\-231,,,,,,,,,,,,,,,,,
,blaPDC\-232,,,,,,,,,,,,,,,,,
,blaPDC\-233,,,,,,,,,,,,,,,,,
,blaPDC\-234,,,,,,,,,,,,,,,,,
,blaPDC\-235,,,,,,,,,,,,,,,,,
,blaPDC\-236,,,,,,,,,,,,,,,,,
,blaPDC\-237,,,,,,,,,,,,,,,,,
,blaPDC\-238,,,,,,,,,,,,,,,,,
,blaPDC\-239,,,,,,,,,,,,,,,,,
,blaPDC\-24,,,,,,,,,,,,,,,,,
,blaPDC\-240,,,,,,,,,,,,,,,,,
,blaPDC\-241,,,,,,,,,,,,,,,,,
,blaPDC\-242,,,,,,,,,,,,,,,,,
,blaPDC\-243,,,,,,,,,,,,,,,,,
,blaPDC\-244,,,,,,,,,,,,,,,,,
,blaPDC\-245,,,,,,,,,,,,,,,,,
,blaPDC\-246,,,,,,,,,,,,,,,,,
,blaPDC\-247,,,,,,,,,,,,,,,,,
,blaPDC\-248,,,,,,,,,,,,,,,,,
,blaPDC\-25,,,,,,,,,,,,,,,,,
,blaPDC\-250,,,,,,,,,,,,,,,,,
,blaPDC\-251,,,,,,,,,,,,,,,,,
,blaPDC\-252,,,,,,,,,,,,,,,,,
,blaPDC\-253,,,,,,,,,,,,,,,,,
,blaPDC\-254,,,,,,,,,,,,,,,,,
,blaPDC\-255,,,,,,,,,,,,,,,,,
,blaPDC\-256,,,,,,,,,,,,,,,,,
,blaPDC\-257,,,,,,,,,,,,,,,,,
,blaPDC\-258,,,,,,,,,,,,,,,,,
,blaPDC\-259,,,,,,,,,,,,,,,,,
,blaPDC\-26,,,,,,,,,,,,,,,,,
,blaPDC\-260,,,,,,,,,,,,,,,,,
,blaPDC\-261,,,,,,,,,,,,,,,,,
,blaPDC\-262,,,,,,,,,,,,,,,,,
,blaPDC\-263,,,,,,,,,,,,,,,,,
,blaPDC\-264,,,,,,,,,,,,,,,,,
,blaPDC\-265,,,,,,,,,,,,,,,,,
,blaPDC\-266,,,,,,,,,,,,,,,,,
,blaPDC\-267,,,,,,,,,,,,,,,,,
,blaPDC\-268,,,,,,,,,,,,,,,,,
,blaPDC\-270,,,,,,,,,,,,,,,,,
,blaPDC\-271,,,,,,,,,,,,,,,,,
,blaPDC\-272,,,,,,,,,,,,,,,,,
,blaPDC\-273,,,,,,,,,,,,,,,,,
,blaPDC\-274,,,,,,,,,,,,,,,,,
,blaPDC\-275,,,,,,,,,,,,,,,,,
,blaPDC\-276,,,,,,,,,,,,,,,,,
,blaPDC\-277,,,,,,,,,,,,,,,,,
,blaPDC\-278,,,,,,,,,,,,,,,,,
,blaPDC\-279,,,,,,,,,,,,,,,,,
,blaPDC\-28,,,,,,,,,,,,,,,,,
,blaPDC\-280,,,,,,,,,,,,,,,,,
,blaPDC\-281,,,,,,,,,,,,,,,,,
,blaPDC\-282,,,,,,,,,,,,,,,,,
,blaPDC\-283,,,,,,,,,,,,,,,,,
,blaPDC\-284,,,,,,,,,,,,,,,,,
,blaPDC\-285,,,,,,,,,,,,,,,,,
,blaPDC\-286,,,,,,,,,,,,,,,,,
,blaPDC\-287,,,,,,,,,,,,,,,,,
,blaPDC\-288,,,,,,,,,,,,,,,,,
,blaPDC\-289,,,,,,,,,,,,,,,,,
,blaPDC\-290,,,,,,,,,,,,,,,,,
,blaPDC\-291,,,,,,,,,,,,,,,,,
,blaPDC\-292,,,,,,,,,,,,,,,,,
,blaPDC\-293,,,,,,,,,,,,,,,,,
,blaPDC\-294,,,,,,,,,,,,,,,,,
,blaPDC\-295,,,,,,,,,,,,,,,,,
,blaPDC\-296,,,,,,,,,,,,,,,,,
,blaPDC\-297,,,,,,,,,,,,,,,,,
,blaPDC\-298,,,,,,,,,,,,,,,,,
,blaPDC\-299,,,,,,,,,,,,,,,,,
,blaPDC\-3,,,,,,,,,,,,,,,,,
,blaPDC\-30,,,,,,,,,,,,,,,,,
,blaPDC\-300,,,,,,,,,,,,,,,,,
,blaPDC\-301,,,,,,,,,,,,,,,,,
,blaPDC\-302,,,,,,,,,,,,,,,,,
,blaPDC\-303,,,,,,,,,,,,,,,,,
,blaPDC\-304,,,,,,,,,,,,,,,,,
,blaPDC\-305,,,,,,,,,,,,,,,,,
,blaPDC\-306,,,,,,,,,,,,,,,,,
,blaPDC\-307,,,,,,,,,,,,,,,,,
,blaPDC\-308,,,,,,,,,,,,,,,,,
,blaPDC\-309,,,,,,,,,,,,,,,,,
,blaPDC\-31,,,,,,,,,,,,,,,,,
,blaPDC\-310,,,,,,,,,,,,,,,,,
,blaPDC\-311,,,,,,,,,,,,,,,,,
,blaPDC\-312,,,,,,,,,,,,,,,,,
,blaPDC\-313,,,,,,,,,,,,,,,,,
,blaPDC\-314,,,,,,,,,,,,,,,,,
,blaPDC\-315,,,,,,,,,,,,,,,,,
,blaPDC\-316,,,,,,,,,,,,,,,,,
,blaPDC\-317,,,,,,,,,,,,,,,,,
,blaPDC\-32,,,,,,,,,,,,,,,,,
,blaPDC\-33,,,,,,,,,,,,,,,,,
,blaPDC\-34,,,,,,,,,,,,,,,,,
,blaPDC\-35,,,,,,,,,,,,,,,,,
,blaPDC\-36,,,,,,,,,,,,,,,,,
,blaPDC\-37,,,,,,,,,,,,,,,,,
,blaPDC\-38,,,,,,,,,,,,,,,,,
,blaPDC\-39,,,,,,,,,,,,,,,,,
,blaPDC\-4,,,,,,,,,,,,,,,,,
,blaPDC\-40,,,,,,,,,,,,,,,,,
,blaPDC\-41,,,,,,,,,,,,,,,,,
,blaPDC\-42,,,,,,,,,,,,,,,,,
,blaPDC\-43,,,,,,,,,,,,,,,,,
,blaPDC\-44,,,,,,,,,,,,,,,,,
,blaPDC\-45,,,,,,,,,,,,,,,,,
,blaPDC\-46,,,,,,,,,,,,,,,,,
,blaPDC\-47,,,,,,,,,,,,,,,,,
,blaPDC\-48,,,,,,,,,,,,,,,,,
,blaPDC\-49,,,,,,,,,,,,,,,,,
,blaPDC\-5,,,,,,,,,,,,,,,,,
,blaPDC\-50,,,,,,,,,,,,,,,,,
,blaPDC\-51,,,,,,,,,,,,,,,,,
,blaPDC\-52,,,,,,,,,,,,,,,,,
,blaPDC\-53,,,,,,,,,,,,,,,,,
,blaPDC\-54,,,,,,,,,,,,,,,,,
,blaPDC\-55,,,,,,,,,,,,,,,,,
,blaPDC\-56,,,,,,,,,,,,,,,,,
,blaPDC\-57,,,,,,,,,,,,,,,,,
,blaPDC\-58,,,,,,,,,,,,,,,,,
,blaPDC\-59,,,,,,,,,,,,,,,,,
,blaPDC\-6,,,,,,,,,,,,,,,,,
,blaPDC\-60,,,,,,,,,,,,,,,,,
,blaPDC\-61,,,,,,,,,,,,,,,,,
,blaPDC\-62,,,,,,,,,,,,,,,,,
,blaPDC\-63,,,,,,,,,,,,,,,,,
,blaPDC\-64,,,,,,,,,,,,,,,,,
,blaPDC\-65,,,,,,,,,,,,,,,,,
,blaPDC\-66,,,,,,,,,,,,,,,,,
,blaPDC\-67,,,,,,,,,,,,,,,,,
,blaPDC\-68,,,,,,,,,,,,,,,,,
,blaPDC\-69,,,,,,,,,,,,,,,,,
,blaPDC\-7,,,,,,,,,,,,,,,,,
,blaPDC\-70,,,,,,,,,,,,,,,,,
,blaPDC\-71,,,,,,,,,,,,,,,,,
,blaPDC\-72,,,,,,,,,,,,,,,,,
,blaPDC\-74,,,,,,,,,,,,,,,,,
,blaPDC\-8,,,,,,,,,,,,,,,,,
,blaPDC\-80,,,,,,,,,,,,,,,,,
,blaPDC\-86,,,,,,,,,,,,,,,,,
,blaPDC\-9,,,,,,,,,,,,,,,,,
,blaPDC\-94,,,,,,,,,,,,,,,,,
,blaPDC\-95,,,,,,,,,,,,,,,,,
,blaPDC\-96,,,,,,,,,,,,,,,,,
,blaPDC\-97,,,,,,,,,,,,,,,,,
,blaPDC\-98,,,,,,,,,,,,,,,,,
,blaPDC\-99,,,,,,,,,,,,,,,,,
,blaPER\-1,,,,,,,,,,,,,,,,,
,blaPER\-10,,,,,,,,,,,,,,,,,
,blaPER\-11,,,,,,,,,,,,,,,,,
,blaPER\-12,,,,,,,,,,,,,,,,,
,blaPER\-13,,,,,,,,,,,,,,,,,
,blaPER\-2,,,,,,,,,,,,,,,,,
,blaPER\-3,,,,,,,,,,,,,,,,,
,blaPER\-4,,,,,,,,,,,,,,,,,
,blaPER\-5,,,,,,,,,,,,,,,,,
,blaPER\-6,,,,,,,,,,,,,,,,,
,blaPER\-7,,,,,,,,,,,,,,,,,
,blaPER\-8,,,,,,,,,,,,,,,,,
,blaPER\-9,,,,,,,,,,,,,,,,,
,blaPLA\-1,,,,,,,,,,,,,,,,,
,blaPLA\-2a,,,,,,,,,,,,,,,,,
,blaPLA\-3,,,,,,,,,,,,,,,,,
,blaPLA\-6,,,,,,,,,,,,,,,,,
,blaPLN\-1,,,,,,,,,,,,,,,,,
,blaPME\-1,,,,,,,,,,,,,,,,,
,blaPOM\-1,,,,,,,,,,,,,,,,,
,blaCARB\-1,,,,,,,,,,,,,,,,,
,blaCARB\-11,,,,,,,,,,,,,,,,,
,blaCARB\-12,,,,,,,,,,,,,,,,,
,blaCARB\-2,,,,,,,,,,,,,,,,,
,blaCARB\-3,,,,,,,,,,,,,,,,,
,blaCARB\-4,,,,,,,,,,,,,,,,,
,blaCARB\-6,,,,,,,,,,,,,,,,,
,blaCARB\-7,,,,,,,,,,,,,,,,,
,blaCARB\-9,,,,,,,,,,,,,,,,,
,blaPST\-1,,,,,,,,,,,,,,,,,
,blaPSV\-1,,,,,,,,,,,,,,,,,
,blaRAHN\-1,,,,,,,,,,,,,,,,,
,blaRAHN\-2,,,,,,,,,,,,,,,,,
,blaROB\-1,,,,,,,,,,,,,,,,,
,blaROB\-2,,,,,,,,,,,,,,,,,
,blaROB\-3,,,,,,,,,,,,,,,,,
,blaROB\-4,,,,,,,,,,,,,,,,,
,blaROB\-5,,,,,,,,,,,,,,,,,
,blaCARB\-10,,,,,,,,,,,,,,,,,
,blaCARB\-14,,,,,,,,,,,,,,,,,
,blaCARB\-16,,,,,,,,,,,,,,,,,
,blaCARB\-49,,,,,,,,,,,,,,,,,
,blaCARB\-5,,,,,,,,,,,,,,,,,
,blaCARB\-50,,,,,,,,,,,,,,,,,
,blaCARB\-8,,,,,,,,,,,,,,,,,
,blaRUB\-1,,,,,,,,,,,,,,,,,
,blaSCO\-1,,,,,,,,,,,,,,,,,
,blaSED\-1,,,,,,,,,,,,,,,,,
,blaSFC\-1,,,,,,,,,,,,,,,,,
,blaSFH\-1,,,,,,,,,,,,,,,,,
,blaSGM\-1,,,,,,,,,,,,,,,,,
,blaSGM\-2,,,,,,,,,,,,,,,,,
,blaSGM\-3,,,,,,,,,,,,,,,,,
,blaSGM\-4,,,,,,,,,,,,,,,,,
,blaSGM\-5,,,,,,,,,,,,,,,,,
,blaSGM\-6,,,,,,,,,,,,,,,,,
,blaSGM\-7,,,,,,,,,,,,,,,,,
,blaSHN\-1,,,,,,,,,,,,,,,,,
,blaSHV\-1,,,,,,,,,,,,,,,,,
,blaSHV\-100,,,,,,,,,,,,,,,,,
,blaSHV\-101,,,,,,,,,,,,,,,,,
,blaSHV\-102,,,,,,,,,,,,,,,,,
,blaSHV\-103,,,,,,,,,,,,,,,,,
,blaSHV\-104,,,,,,,,,,,,,,,,,
,blaSHV\-105,,,,,,,,,,,,,,,,,
,blaSHV\-106,,,,,,,,,,,,,,,,,
,blaSHV\-107,,,,,,,,,,,,,,,,,
,blaSHV\-108,,,,,,,,,,,,,,,,,
,blaSHV\-109,,,,,,,,,,,,,,,,,
,blaSHV\-11,,,,,,,,,,,,,,,,,
,blaSHV\-110,,,,,,,,,,,,,,,,,
,blaSHV\-111,,,,,,,,,,,,,,,,,
,blaSHV\-119,,,,,,,,,,,,,,,,,
,blaSHV\-12,,,,,,,,,,,,,,,,,
,blaSHV\-120,,,,,,,,,,,,,,,,,
,blaSHV\-121,,,,,,,,,,,,,,,,,
,blaSHV\-128,,,,,,,,,,,,,,,,,
,blaSHV\-129,,,,,,,,,,,,,,,,,
,blaSHV\-13,,,,,,,,,,,,,,,,,
,blaSHV\-132,,,,,,,,,,,,,,,,,
,blaSHV\-133,,,,,,,,,,,,,,,,,
,blaSHV\-134,,,,,,,,,,,,,,,,,
,blaSHV\-135,,,,,,,,,,,,,,,,,
,blaSHV\-137,,,,,,,,,,,,,,,,,
,blaSHV\-14,,,,,,,,,,,,,,,,,
,blaSHV\-141,,,,,,,,,,,,,,,,,
,blaSHV\-142,,,,,,,,,,,,,,,,,
,blaSHV\-143,,,,,,,,,,,,,,,,,
,blaSHV\-144,,,,,,,,,,,,,,,,,
,blaSHV\-145,,,,,,,,,,,,,,,,,
,blaSHV\-146,,,,,,,,,,,,,,,,,
,blaSHV\-147,,,,,,,,,,,,,,,,,
,blaSHV\-148,,,,,,,,,,,,,,,,,
,blaSHV\-149,,,,,,,,,,,,,,,,,
,blaSHV\-15,,,,,,,,,,,,,,,,,
,blaSHV\-150,,,,,,,,,,,,,,,,,
,blaSHV\-151,,,,,,,,,,,,,,,,,
,blaSHV\-152,,,,,,,,,,,,,,,,,
,blaSHV\-153,,,,,,,,,,,,,,,,,
,blaSHV\-154,,,,,,,,,,,,,,,,,
,blaSHV\-155,,,,,,,,,,,,,,,,,
,blaSHV\-156,,,,,,,,,,,,,,,,,
,blaSHV\-157,,,,,,,,,,,,,,,,,
,blaSHV\-158,,,,,,,,,,,,,,,,,
,blaSHV\-159,,,,,,,,,,,,,,,,,
,blaSHV\-16,,,,,,,,,,,,,,,,,
,blaSHV\-160,,,,,,,,,,,,,,,,,
,blaSHV\-161,,,,,,,,,,,,,,,,,
,blaSHV\-162,,,,,,,,,,,,,,,,,
,blaSHV\-163,,,,,,,,,,,,,,,,,
,blaSHV\-164,,,,,,,,,,,,,,,,,
,blaSHV\-165,,,,,,,,,,,,,,,,,
,blaSHV\-168,,,,,,,,,,,,,,,,,
,blaSHV\-172,,,,,,,,,,,,,,,,,
,blaSHV\-173,,,,,,,,,,,,,,,,,
,blaSHV\-178,,,,,,,,,,,,,,,,,
,blaSHV\-179,,,,,,,,,,,,,,,,,
,blaSHV\-18,,,,,,,,,,,,,,,,,
,blaSHV\-180,,,,,,,,,,,,,,,,,
,blaSHV\-182,,,,,,,,,,,,,,,,,
,blaSHV\-183,,,,,,,,,,,,,,,,,
,blaSHV\-185,,,,,,,,,,,,,,,,,
,blaSHV\-186,,,,,,,,,,,,,,,,,
,blaSHV\-187,,,,,,,,,,,,,,,,,
,blaSHV\-188,,,,,,,,,,,,,,,,,
,blaSHV\-189,,,,,,,,,,,,,,,,,
,blaSHV\-190,,,,,,,,,,,,,,,,,
,blaSHV\-191,,,,,,,,,,,,,,,,,
,blaSHV\-193,,,,,,,,,,,,,,,,,
,blaSHV\-194,,,,,,,,,,,,,,,,,
,blaSHV\-195,,,,,,,,,,,,,,,,,
,blaSHV\-196,,,,,,,,,,,,,,,,,
,blaSHV\-197,,,,,,,,,,,,,,,,,
,blaSHV\-198,,,,,,,,,,,,,,,,,
,blaSHV\-199,,,,,,,,,,,,,,,,,
,blaSHV\-1b\-b,,,,,,,,,,,,,,,,,
,blaSHV\-2,,,,,,,,,,,,,,,,,
,blaSHV\-200,,,,,,,,,,,,,,,,,
,blaSHV\-201,,,,,,,,,,,,,,,,,
,blaSHV\-202,,,,,,,,,,,,,,,,,
,blaSHV\-203,,,,,,,,,,,,,,,,,
,blaSHV\-204,,,,,,,,,,,,,,,,,
,blaSHV\-205,,,,,,,,,,,,,,,,,
,blaSHV\-206,,,,,,,,,,,,,,,,,
,blaSHV\-207,,,,,,,,,,,,,,,,,
,blaSHV\-208,,,,,,,,,,,,,,,,,
,blaSHV\-209,,,,,,,,,,,,,,,,,
,blaSHV\-210,,,,,,,,,,,,,,,,,
,blaSHV\-211,,,,,,,,,,,,,,,,,
,blaSHV\-212,,,,,,,,,,,,,,,,,
,blaSHV\-213,,,,,,,,,,,,,,,,,
,blaSHV\-214,,,,,,,,,,,,,,,,,
,blaSHV\-215,,,,,,,,,,,,,,,,,
,blaSHV\-216,,,,,,,,,,,,,,,,,
,blaSHV\-217,,,,,,,,,,,,,,,,,
,blaSHV\-218,,,,,,,,,,,,,,,,,
,blaSHV\-219,,,,,,,,,,,,,,,,,
,blaSHV\-220,,,,,,,,,,,,,,,,,
,blaSHV\-221,,,,,,,,,,,,,,,,,
,blaSHV\-222,,,,,,,,,,,,,,,,,
,blaSHV\-223,,,,,,,,,,,,,,,,,
,blaSHV\-224,,,,,,,,,,,,,,,,,
,blaSHV\-225,,,,,,,,,,,,,,,,,
,blaSHV\-226,,,,,,,,,,,,,,,,,
,blaSHV\-227,,,,,,,,,,,,,,,,,
,blaSHV\-228,,,,,,,,,,,,,,,,,
,blaSHV\-24,,,,,,,,,,,,,,,,,
,blaSHV\-25,,,,,,,,,,,,,,,,,
,blaSHV\-26,,,,,,,,,,,,,,,,,
,blaSHV\-27,,,,,,,,,,,,,,,,,
,blaSHV\-28,,,,,,,,,,,,,,,,,
,blaSHV\-29,,,,,,,,,,,,,,,,,
,blaSHV\-2A,,,,,,,,,,,,,,,,,
,blaSHV\-3,,,,,,,,,,,,,,,,,
,blaSHV\-30,,,,,,,,,,,,,,,,,
,blaSHV\-31,,,,,,,,,,,,,,,,,
,blaSHV\-32,,,,,,,,,,,,,,,,,
,blaSHV\-33,,,,,,,,,,,,,,,,,
,blaSHV\-34,,,,,,,,,,,,,,,,,
,blaSHV\-35,,,,,,,,,,,,,,,,,
,blaSHV\-36,,,,,,,,,,,,,,,,,
,blaSHV\-37,,,,,,,,,,,,,,,,,
,blaSHV\-38,,,,,,,,,,,,,,,,,
,blaSHV\-40,,,,,,,,,,,,,,,,,
,blaSHV\-41,,,,,,,,,,,,,,,,,
,blaSHV\-42,,,,,,,,,,,,,,,,,
,blaSHV\-43,,,,,,,,,,,,,,,,,
,blaSHV\-44,,,,,,,,,,,,,,,,,
,blaSHV\-45,,,,,,,,,,,,,,,,,
,blaSHV\-46,,,,,,,,,,,,,,,,,
,blaSHV\-48,,,,,,,,,,,,,,,,,
,blaSHV\-49,,,,,,,,,,,,,,,,,
,blaSHV\-5,,,,,,,,,,,,,,,,,
,blaSHV\-50,,,,,,,,,,,,,,,,,
,blaSHV\-51,,,,,,,,,,,,,,,,,
,blaSHV\-52,,,,,,,,,,,,,,,,,
,blaSHV\-55,,,,,,,,,,,,,,,,,
,blaSHV\-56,,,,,,,,,,,,,,,,,
,blaSHV\-57,,,,,,,,,,,,,,,,,
,blaSHV\-59,,,,,,,,,,,,,,,,,
,blaSHV\-60,,,,,,,,,,,,,,,,,
,blaSHV\-61,,,,,,,,,,,,,,,,,
,blaSHV\-62,,,,,,,,,,,,,,,,,
,blaSHV\-63,,,,,,,,,,,,,,,,,
,blaSHV\-64,,,,,,,,,,,,,,,,,
,blaSHV\-65,,,,,,,,,,,,,,,,,
,blaSHV\-66,,,,,,,,,,,,,,,,,
,blaSHV\-67,,,,,,,,,,,,,,,,,
,blaSHV\-69,,,,,,,,,,,,,,,,,
,blaSHV\-7,,,,,,,,,,,,,,,,,
,blaSHV\-70,,,,,,,,,,,,,,,,,
,blaSHV\-71,,,,,,,,,,,,,,,,,
,blaSHV\-72,,,,,,,,,,,,,,,,,
,blaSHV\-73,,,,,,,,,,,,,,,,,
,blaSHV\-74,,,,,,,,,,,,,,,,,
,blaSHV\-75,,,,,,,,,,,,,,,,,
,blaSHV\-76,,,,,,,,,,,,,,,,,
,blaSHV\-77,,,,,,,,,,,,,,,,,
,blaSHV\-78,,,,,,,,,,,,,,,,,
,blaSHV\-79,,,,,,,,,,,,,,,,,
,blaSHV\-8,,,,,,,,,,,,,,,,,
,blaSHV\-80,,,,,,,,,,,,,,,,,
,blaSHV\-81,,,,,,,,,,,,,,,,,
,blaSHV\-82,,,,,,,,,,,,,,,,,
,blaSHV\-85,,,,,,,,,,,,,,,,,
,blaSHV\-86,,,,,,,,,,,,,,,,,
,blaSHV\-89,,,,,,,,,,,,,,,,,
,blaSHV\-9,,,,,,,,,,,,,,,,,
,blaSHV\-92,,,,,,,,,,,,,,,,,
,blaSHV\-93,,,,,,,,,,,,,,,,,
,blaSHV\-94,,,,,,,,,,,,,,,,,
,blaSHV\-95,,,,,,,,,,,,,,,,,
,blaSHV\-96,,,,,,,,,,,,,,,,,
,blaSHV\-97,,,,,,,,,,,,,,,,,
,blaSHV\-98,,,,,,,,,,,,,,,,,
,blaSHV\-99,,,,,,,,,,,,,,,,,
,blaSFB\-1,,,,,,,,,,,,,,,,,
,blaSLB\-1,,,,,,,,,,,,,,,,,
,blaSIM\-1,,,,,,,,,,,,,,,,,
,blaSIM\-2,,,,,,,,,,,,,,,,,
,blaSMB\-1,,,,,,,,,,,,,,,,,
,blaSME\-1,,,,,,,,,,,,,,,,,
,blaSME\-2,,,,,,,,,,,,,,,,,
,blaSME\-3,,,,,,,,,,,,,,,,,
,blaSME\-4,,,,,,,,,,,,,,,,,
,blaSME\-5,,,,,,,,,,,,,,,,,
,blaSPG\-1,,,,,,,,,,,,,,,,,
,blaSPM\-1,,,,,,,,,,,,,,,,,
,blaSPN79\-1,,,,,,,,,,,,,,,,,
,blaSPR\-1,,,,,,,,,,,,,,,,,
,blaSPS\-1,,,,,,,,,,,,,,,,,
,blaSRT\-1,,,,,,,,,,,,,,,,,
,blaSRT\-2,,,,,,,,,,,,,,,,,
,blaSST\-1,,,,,,,,,,,,,,,,,
,blaSTA\-1,,,,,,,,,,,,,,,,,
,blaTEM\-1,,,,,,,,,,,,,,,,,
,blaTEM\-10,,,,,,,,,,,,,,,,,
,blaTEM\-101,,,,,,,,,,,,,,,,,
,blaTEM\-102,,,,,,,,,,,,,,,,,
,blaTEM\-104,,,,,,,,,,,,,,,,,
,blaTEM\-105,,,,,,,,,,,,,,,,,
,blaTEM\-106,,,,,,,,,,,,,,,,,
,blaTEM\-107,,,,,,,,,,,,,,,,,
,blaTEM\-108,,,,,,,,,,,,,,,,,
,blaTEM\-109,,,,,,,,,,,,,,,,,
,blaTEM\-11,,,,,,,,,,,,,,,,,
,blaTEM\-110,,,,,,,,,,,,,,,,,
,blaTEM\-111,,,,,,,,,,,,,,,,,
,blaTEM\-112,,,,,,,,,,,,,,,,,
,blaTEM\-113,,,,,,,,,,,,,,,,,
,blaTEM\-114,,,,,,,,,,,,,,,,,
,blaTEM\-115,,,,,,,,,,,,,,,,,
,blaTEM\-116,,,,,,,,,,,,,,,,,
,blaTEM\-12,,,,,,,,,,,,,,,,,
,blaTEM\-120,,,,,,,,,,,,,,,,,
,blaTEM\-121,,,,,,,,,,,,,,,,,
,blaTEM\-122,,,,,,,,,,,,,,,,,
,blaTEM\-123,,,,,,,,,,,,,,,,,
,blaTEM\-124,,,,,,,,,,,,,,,,,
,blaTEM\-125,,,,,,,,,,,,,,,,,
,blaTEM\-126,,,,,,,,,,,,,,,,,
,blaTEM\-127,,,,,,,,,,,,,,,,,
,blaTEM\-128,,,,,,,,,,,,,,,,,
,blaTEM\-129,,,,,,,,,,,,,,,,,
,blaTEM\-130,,,,,,,,,,,,,,,,,
,blaTEM\-131,,,,,,,,,,,,,,,,,
,blaTEM\-132,,,,,,,,,,,,,,,,,
,blaTEM\-133,,,,,,,,,,,,,,,,,
,blaTEM\-134,,,,,,,,,,,,,,,,,
,blaTEM\-135,,,,,,,,,,,,,,,,,
,blaTEM\-136,,,,,,,,,,,,,,,,,
,blaTEM\-137,,,,,,,,,,,,,,,,,
,blaTEM\-138,,,,,,,,,,,,,,,,,
,blaTEM\-139,,,,,,,,,,,,,,,,,
,blaTEM\-141,,,,,,,,,,,,,,,,,
,blaTEM\-142,,,,,,,,,,,,,,,,,
,blaTEM\-143,,,,,,,,,,,,,,,,,
,blaTEM\-144,,,,,,,,,,,,,,,,,
,blaTEM\-145,,,,,,,,,,,,,,,,,
,blaTEM\-146,,,,,,,,,,,,,,,,,
,blaTEM\-147,,,,,,,,,,,,,,,,,
,blaTEM\-148,,,,,,,,,,,,,,,,,
,blaTEM\-149,,,,,,,,,,,,,,,,,
,blaTEM\-15,,,,,,,,,,,,,,,,,
,blaTEM\-150,,,,,,,,,,,,,,,,,
,blaTEM\-151,,,,,,,,,,,,,,,,,
,blaTEM\-152,,,,,,,,,,,,,,,,,
,blaTEM\-153,,,,,,,,,,,,,,,,,
,blaTEM\-154,,,,,,,,,,,,,,,,,
,blaTEM\-155,,,,,,,,,,,,,,,,,
,blaTEM\-156,,,,,,,,,,,,,,,,,
,blaTEM\-157,,,,,,,,,,,,,,,,,
,blaTEM\-158,,,,,,,,,,,,,,,,,
,blaTEM\-159,,,,,,,,,,,,,,,,,
,blaTEM\-16,,,,,,,,,,,,,,,,,
,blaTEM\-160,,,,,,,,,,,,,,,,,
,blaTEM\-162,,,,,,,,,,,,,,,,,
,blaTEM\-163,,,,,,,,,,,,,,,,,
,blaTEM\-164,,,,,,,,,,,,,,,,,
,blaTEM\-166,,,,,,,,,,,,,,,,,
,blaTEM\-167,,,,,,,,,,,,,,,,,
,blaTEM\-168,,,,,,,,,,,,,,,,,
,blaTEM\-169,,,,,,,,,,,,,,,,,
,blaTEM\-17,,,,,,,,,,,,,,,,,
,blaTEM\-171,,,,,,,,,,,,,,,,,
,blaTEM\-176,,,,,,,,,,,,,,,,,
,blaTEM\-177,,,,,,,,,,,,,,,,,
,blaTEM\-178,,,,,,,,,,,,,,,,,
,blaTEM\-181,,,,,,,,,,,,,,,,,
,blaTEM\-182,,,,,,,,,,,,,,,,,
,blaTEM\-183,,,,,,,,,,,,,,,,,
,blaTEM\-184,,,,,,,,,,,,,,,,,
,blaTEM\-185,,,,,,,,,,,,,,,,,
,blaTEM\-186,,,,,,,,,,,,,,,,,
,blaTEM\-187,,,,,,,,,,,,,,,,,
,blaTEM\-188,,,,,,,,,,,,,,,,,
,blaTEM\-189,,,,,,,,,,,,,,,,,
,blaTEM\-19,,,,,,,,,,,,,,,,,
,blaTEM\-190,,,,,,,,,,,,,,,,,
,blaTEM\-191,,,,,,,,,,,,,,,,,
,blaTEM\-193,,,,,,,,,,,,,,,,,
,blaTEM\-194,,,,,,,,,,,,,,,,,
,blaTEM\-195,,,,,,,,,,,,,,,,,
,blaTEM\-196,,,,,,,,,,,,,,,,,
,blaTEM\-197,,,,,,,,,,,,,,,,,
,blaTEM\-198,,,,,,,,,,,,,,,,,
,blaTEM\-2,,,,,,,,,,,,,,,,,
,blaTEM\-20,,,,,,,,,,,,,,,,,
,blaTEM\-201,,,,,,,,,,,,,,,,,
,blaTEM\-205,,,,,,,,,,,,,,,,,
,blaTEM\-206,,,,,,,,,,,,,,,,,
,blaTEM\-207,,,,,,,,,,,,,,,,,
,blaTEM\-208,,,,,,,,,,,,,,,,,
,blaTEM\-209,,,,,,,,,,,,,,,,,
,blaTEM\-21,,,,,,,,,,,,,,,,,
,blaTEM\-210,,,,,,,,,,,,,,,,,
,blaTEM\-211,,,,,,,,,,,,,,,,,
,blaTEM\-212,,,,,,,,,,,,,,,,,
,blaTEM\-213,,,,,,,,,,,,,,,,,
,blaTEM\-214,,,,,,,,,,,,,,,,,
,blaTEM\-215,,,,,,,,,,,,,,,,,
,blaTEM\-216,,,,,,,,,,,,,,,,,
,blaTEM\-217,,,,,,,,,,,,,,,,,
,blaTEM\-219,,,,,,,,,,,,,,,,,
,blaTEM\-22,,,,,,,,,,,,,,,,,
,blaTEM\-220,,,,,,,,,,,,,,,,,
,blaTEM\-224,,,,,,,,,,,,,,,,,
,blaTEM\-225,,,,,,,,,,,,,,,,,
,blaTEM\-226,,,,,,,,,,,,,,,,,
,blaTEM\-227,,,,,,,,,,,,,,,,,
,blaTEM\-229,,,,,,,,,,,,,,,,,
,blaTEM\-230,,,,,,,,,,,,,,,,,
,blaTEM\-231,,,,,,,,,,,,,,,,,
,blaTEM\-232,,,,,,,,,,,,,,,,,
,blaTEM\-233,,,,,,,,,,,,,,,,,
,blaTEM\-234,,,,,,,,,,,,,,,,,
,blaTEM\-236,,,,,,,,,,,,,,,,,
,blaTEM\-237,,,,,,,,,,,,,,,,,
,blaTEM\-24,,,,,,,,,,,,,,,,,
,blaTEM\-26,,,,,,,,,,,,,,,,,
,blaTEM\-28,,,,,,,,,,,,,,,,,
,blaTEM\-29,,,,,,,,,,,,,,,,,
,blaTEM\-3,,,,,,,,,,,,,,,,,
,blaTEM\-30,,,,,,,,,,,,,,,,,
,blaTEM\-32,,,,,,,,,,,,,,,,,
,blaTEM\-33,,,,,,,,,,,,,,,,,
,blaTEM\-34,,,,,,,,,,,,,,,,,
,blaTEM\-35,,,,,,,,,,,,,,,,,
,blaTEM\-36,,,,,,,,,,,,,,,,,
,blaTEM\-4,,,,,,,,,,,,,,,,,
,blaTEM\-40,,,,,,,,,,,,,,,,,
,blaTEM\-43,,,,,,,,,,,,,,,,,
,blaTEM\-45,,,,,,,,,,,,,,,,,
,blaTEM\-47,,,,,,,,,,,,,,,,,
,blaTEM\-48,,,,,,,,,,,,,,,,,
,blaTEM\-49,,,,,,,,,,,,,,,,,
,blaTEM\-52,,,,,,,,,,,,,,,,,
,blaTEM\-53,,,,,,,,,,,,,,,,,
,blaTEM\-54,,,,,,,,,,,,,,,,,
,blaTEM\-55,,,,,,,,,,,,,,,,,
,blaTEM\-57,,,,,,,,,,,,,,,,,
,blaTEM\-6,,,,,,,,,,,,,,,,,
,blaTEM\-60,,,,,,,,,,,,,,,,,
,blaTEM\-63,,,,,,,,,,,,,,,,,
,blaTEM\-67,,,,,,,,,,,,,,,,,
,blaTEM\-68,,,,,,,,,,,,,,,,,
,blaTEM\-70,,,,,,,,,,,,,,,,,
,blaTEM\-71,,,,,,,,,,,,,,,,,
,blaTEM\-72,,,,,,,,,,,,,,,,,
,blaTEM\-76,,,,,,,,,,,,,,,,,
,blaTEM\-77,,,,,,,,,,,,,,,,,
,blaTEM\-78,,,,,,,,,,,,,,,,,
,blaTEM\-79,,,,,,,,,,,,,,,,,
,blaTEM\-8,,,,,,,,,,,,,,,,,
,blaTEM\-80,,,,,,,,,,,,,,,,,
,blaTEM\-81,,,,,,,,,,,,,,,,,
,blaTEM\-82,,,,,,,,,,,,,,,,,
,blaTEM\-83,,,,,,,,,,,,,,,,,
,blaTEM\-84,,,,,,,,,,,,,,,,,
,blaTEM\-85,,,,,,,,,,,,,,,,,
,blaTEM\-86,,,,,,,,,,,,,,,,,
,blaTEM\-87,,,,,,,,,,,,,,,,,
,blaTEM\-88,,,,,,,,,,,,,,,,,
,blaTEM\-9,,,,,,,,,,,,,,,,,
,blaTEM\-90,,,,,,,,,,,,,,,,,
,blaTEM\-91,,,,,,,,,,,,,,,,,
,blaTEM\-92,,,,,,,,,,,,,,,,,
,blaTEM\-93,,,,,,,,,,,,,,,,,
,blaTEM\-94,,,,,,,,,,,,,,,,,
,blaTEM\-95,,,,,,,,,,,,,,,,,
,blaTEM\-96,,,,,,,,,,,,,,,,,
,blaTEM\-97,,,,,,,,,,,,,,,,,
,blaTEM\-98,,,,,,,,,,,,,,,,,
,blaTEM\-99,,,,,,,,,,,,,,,,,
,blaTER\-1,,,,,,,,,,,,,,,,,
,blaTER\-2,,,,,,,,,,,,,,,,,
,blaTLA\-1,,,,,,,,,,,,,,,,,
,blaTLA\-3,,,,,,,,,,,,,,,,,
,blaTMB\-1,,,,,,,,,,,,,,,,,
,blaTMB\-2,,,,,,,,,,,,,,,,,
,blaTRU\-1,,,,,,,,,,,,,,,,,
,blaTTU\-1,,,,,,,,,,,,,,,,,
,blaTUS\-1,,,,,,,,,,,,,,,,,
,blaVCC\-1,,,,,,,,,,,,,,,,,
,blaVEB\-1,,,,,,,,,,,,,,,,,
,blaVEB\-10,,,,,,,,,,,,,,,,,
,blaVEB\-11,,,,,,,,,,,,,,,,,
,blaVEB\-12,,,,,,,,,,,,,,,,,
,blaVEB\-13,,,,,,,,,,,,,,,,,
,blaVEB\-14,,,,,,,,,,,,,,,,,
,blaVEB\-15,,,,,,,,,,,,,,,,,
,blaVEB\-16,,,,,,,,,,,,,,,,,
,blaVEB\-17,,,,,,,,,,,,,,,,,
,blaVEB\-18,,,,,,,,,,,,,,,,,
,blaVEB\-19,,,,,,,,,,,,,,,,,
,blaVEB\-2,,,,,,,,,,,,,,,,,
,blaVEB\-20,,,,,,,,,,,,,,,,,
,blaVEB\-21,,,,,,,,,,,,,,,,,
,blaVEB\-3,,,,,,,,,,,,,,,,,
,blaVEB\-4,,,,,,,,,,,,,,,,,
,blaVEB\-5,,,,,,,,,,,,,,,,,
,blaVEB\-6,,,,,,,,,,,,,,,,,
,blaVEB\-7,,,,,,,,,,,,,,,,,
,blaVEB\-8,,,,,,,,,,,,,,,,,
,blaVEB\-9,,,,,,,,,,,,,,,,,
,blaVHH\-1,,,,,,,,,,,,,,,,,
,blaVHW\-1,,,,,,,,,,,,,,,,,
,blaVIM\-1,,,,,,,,,,,,,,,,,
,blaVIM\-10,,,,,,,,,,,,,,,,,
,blaVIM\-11,,,,,,,,,,,,,,,,,
,blaVIM\-12,,,,,,,,,,,,,,,,,
,blaVIM\-13,,,,,,,,,,,,,,,,,
,blaVIM\-14,,,,,,,,,,,,,,,,,
,blaVIM\-15,,,,,,,,,,,,,,,,,
,blaVIM\-16,,,,,,,,,,,,,,,,,
,blaVIM\-17,,,,,,,,,,,,,,,,,
,blaVIM\-18,,,,,,,,,,,,,,,,,
,blaVIM\-19,,,,,,,,,,,,,,,,,
,blaVIM\-2,,,,,,,,,,,,,,,,,
,blaVIM\-20,,,,,,,,,,,,,,,,,
,blaVIM\-23,,,,,,,,,,,,,,,,,
,blaVIM\-24,,,,,,,,,,,,,,,,,
,blaVIM\-25,,,,,,,,,,,,,,,,,
,blaVIM\-26,,,,,,,,,,,,,,,,,
,blaVIM\-27,,,,,,,,,,,,,,,,,
,blaVIM\-28,,,,,,,,,,,,,,,,,
,blaVIM\-29,,,,,,,,,,,,,,,,,
,blaVIM\-3,,,,,,,,,,,,,,,,,
,blaVIM\-30,,,,,,,,,,,,,,,,,
,blaVIM\-31,,,,,,,,,,,,,,,,,
,blaVIM\-32,,,,,,,,,,,,,,,,,
,blaVIM\-33,,,,,,,,,,,,,,,,,
,blaVIM\-34,,,,,,,,,,,,,,,,,
,blaVIM\-35,,,,,,,,,,,,,,,,,
,blaVIM\-36,,,,,,,,,,,,,,,,,
,blaVIM\-37,,,,,,,,,,,,,,,,,
,blaVIM\-38,,,,,,,,,,,,,,,,,
,blaVIM\-39,,,,,,,,,,,,,,,,,
,blaVIM\-4,,,,,,,,,,,,,,,,,
,blaVIM\-40,,,,,,,,,,,,,,,,,
,blaVIM\-41,,,,,,,,,,,,,,,,,
,blaVIM\-42,,,,,,,,,,,,,,,,,
,blaVIM\-43,,,,,,,,,,,,,,,,,
,blaVIM\-44,,,,,,,,,,,,,,,,,
,blaVIM\-45,,,,,,,,,,,,,,,,,
,blaVIM\-46,,,,,,,,,,,,,,,,,
,blaVIM\-47,,,,,,,,,,,,,,,,,
,blaVIM\-48,,,,,,,,,,,,,,,,,
,blaVIM\-49,,,,,,,,,,,,,,,,,
,blaVIM\-5,,,,,,,,,,,,,,,,,
,blaVIM\-50,,,,,,,,,,,,,,,,,
,blaVIM\-51,,,,,,,,,,,,,,,,,
,blaVIM\-52,,,,,,,,,,,,,,,,,
,blaVIM\-53,,,,,,,,,,,,,,,,,
,blaVIM\-54,,,,,,,,,,,,,,,,,
,blaVIM\-55,,,,,,,,,,,,,,,,,
,blaVIM\-56,,,,,,,,,,,,,,,,,
,blaVIM\-57,,,,,,,,,,,,,,,,,
,blaVIM\-58,,,,,,,,,,,,,,,,,
,blaVIM\-59,,,,,,,,,,,,,,,,,
,blaVIM\-6,,,,,,,,,,,,,,,,,
,blaVIM\-60,,,,,,,,,,,,,,,,,
,blaVIM\-61,,,,,,,,,,,,,,,,,
,blaVIM\-62,,,,,,,,,,,,,,,,,
,blaVIM\-63,,,,,,,,,,,,,,,,,
,blaVIM\-66,,,,,,,,,,,,,,,,,
,blaVIM\-7,,,,,,,,,,,,,,,,,
,blaVIM\-8,,,,,,,,,,,,,,,,,
,blaVIM\-9,,,,,,,,,,,,,,,,,
,blaPC1,,,,,,,,,,,,,,,,,
,blaZOG\-1,,,,,,,,,,,,,,,,,
,cepA\-29,,,,,,,,,,,,,,,,,
,cepA\-44,,,,,,,,,,,,,,,,,
,cepA\-49,,,,,,,,,,,,,,,,,
,cfiA10,,,,,,,,,,,,,,,,,
,cfiA11,,,,,,,,,,,,,,,,,
,cfiA13,,,,,,,,,,,,,,,,,
,cfiA14,,,,,,,,,,,,,,,,,
,cfiA17,,,,,,,,,,,,,,,,,
,cfiA18,,,,,,,,,,,,,,,,,
,cfiA19,,,,,,,,,,,,,,,,,
,cfiA2,,,,,,,,,,,,,,,,,
,cfiA21,,,,,,,,,,,,,,,,,
,cfiA22,,,,,,,,,,,,,,,,,
,cfiA23,,,,,,,,,,,,,,,,,
,cfiA24,,,,,,,,,,,,,,,,,
,cfiA4,,,,,,,,,,,,,,,,,
,cfiA8,,,,,,,,,,,,,,,,,
,cfiA9,,,,,,,,,,,,,,,,,
,cphA2,,,,,,,,,,,,,,,,,
,cphA3,,,,,,,,,,,,,,,,,
,cphA4,,,,,,,,,,,,,,,,,
,cphA5,,,,,,,,,,,,,,,,,
,cphA6,,,,,,,,,,,,,,,,,
,cphA7,,,,,,,,,,,,,,,,,
,cphA8,,,,,,,,,,,,,,,,,
,imiH,,,,,,,,,,,,,,,,,
,imiS,,,,,,,,,,,,,,,,,
,blaTLA\-2,,,,,,,,,,,,,,,,,
,ampC,,,,,,,,,,,,,,,,,
,cphA,,,,,,,,,,,,,,,,,
,blaOXA\-16,,,,,,,,,,,,,,,,,
,blaOXA\-34,,,,,,,,,,,,,,,,,
,blaOXA\-36,,,,,,,,,,,,,,,,,
,blaOXA\-60d,,,,,,,,,,,,,,,,,
,blaOXA\-60c,,,,,,,,,,,,,,,,,
,blaOXA\-60b,,,,,,,,,,,,,,,,,
,blaOXA\-60a,,,,,,,,,,,,,,,,,
,blaOXA\-102,,,,,,,,,,,,,,,,,
,blaOXA\-116,,,,,,,,,,,,,,,,,
,blaOXA\-289,,,,,,,,,,,,,,,,,
,blaOXA\-290,,,,,,,,,,,,,,,,,
,blaOXA\-410,,,,,,,,,,,,,,,,,
,ISva,,,,,,,,,,,,,,,,,
,blaOXA\-490,,,,,,,,,,,,,,,,,
,BlaCTX\-M,,,,,,,,,,,,,,,,,
,blaCTX\-M\-14b,,,,,,,,,,,,,,,,,
,blaKPC\-9,,,,,,,,,,,,,,,,,
,blaCMY\-2b,,,,,,,,,,,,,,,,,
,blaACC\-3,,,,,,,,,,,,,,,,,
,blaTEM\-1A,,,,,,,,,,,,,,,,,
,blaTEM\-1B,,,,,,,,,,,,,,,,,
,blaTEM\-1C,,,,,,,,,,,,,,,,,
,blaTEM\-1D,,,,,,,,,,,,,,,,,
,blaTEM\-52B,,,,,,,,,,,,,,,,,
,blaTEM\-52C,,,,,,,,,,,,,,,,,
,blaSHV\-2a,,,,,,,,,,,,,,,,,
